ClassName,WMC,DIT,NOC,CBO,RFC,LCOM,NOM,MPC,SLOC,AHF,MIF,AIF,CF,MHF,PF,CC,LOC,NNL,MI
org.thymeleaf.ConfigurationPrinterHelper,7.0,1.0,0.0,34.0,98.0,19.0,6.0,45.0,329.0,1111.0,0.0,0.3333,0.0,0.8333,,157.1429,0.875,4.0,
org.thymeleaf.ConfigurationPrinterHelper$ConfigLogBuilder,9.0,1.0,0.0,1.0,16.0,0.0,,,,114.0,0.0,0.5556,0.0,,,11.4444,0.6875,,
org.thymeleaf.ConfigurationPrinterHelper.ConfigLogBuilder,,1.0,0.0,3.0,,22.0,9.0,3.0,40.0,,,,,0.8889,,,51.0,1.0,
org.thymeleaf.DialectConfiguration,5.0,1.0,0.0,5.0,7.0,0.0,5.0,3.0,28.0,47.0,1.0,0.5333,0.0,0.0,,7.8,0.5,0.0,
org.thymeleaf.DialectSetConfiguration,26.0,1.0,0.0,31.0,91.0,279.0,26.0,43.0,535.0,1411.0,3.0,0.2,0.0,0.1923,,52.5769,0.9156,5.0,
org.thymeleaf.DialectSetConfiguration$AggregateExpressionObjectFactory,5.0,1.0,0.0,3.0,16.0,0.0,,,,166.0,1.0,0.45,0.0,,,31.8,0.0,,
org.thymeleaf.DialectSetConfiguration.AggregateExpressionObjectFactory,,1.0,0.0,6.0,,20.0,5.0,6.0,62.0,,,,,0.0,,,74.0,2.0,
org.thymeleaf.EngineConfiguration,32.0,1.0,0.0,20.0,78.0,60.0,31.0,29.0,191.0,386.0,5.0,0.1914,0.0,0.0323,,10.7813,0.8996,2.0,
org.thymeleaf.EngineConfiguration$LinkBuilderComparator,5.0,1.0,0.0,2.0,8.0,8.0,,,,29.0,1.0,0.4167,0.0,,,4.6,0.75,,
org.thymeleaf.EngineConfiguration$MessageResolverComparator,5.0,1.0,0.0,2.0,8.0,8.0,,,,29.0,1.0,0.4167,0.0,,,4.6,0.75,,
org.thymeleaf.EngineConfiguration$TemplateResolverComparator,5.0,1.0,0.0,2.0,8.0,8.0,,,,29.0,1.0,0.4167,0.0,,,4.6,0.75,,
org.thymeleaf.EngineConfiguration.LinkBuilderComparator,,1.0,0.0,2.0,,100.0,2.0,2.0,9.0,,,,,0.0,,,12.0,0.0,
org.thymeleaf.EngineConfiguration.MessageResolverComparator,,1.0,0.0,2.0,,100.0,2.0,2.0,9.0,,,,,0.0,,,12.0,0.0,
org.thymeleaf.EngineConfiguration.TemplateResolverComparator,,1.0,0.0,2.0,,100.0,2.0,2.0,9.0,,,,,0.0,,,12.0,0.0,
org.thymeleaf.IEngineConfiguration,27.0,1.0,0.0,90.0,27.0,351.0,27.0,13.0,29.0,27.0,0.0,0.4815,0.0,0.0,,0.0,2.0,0.0,
org.thymeleaf.ITemplateEngine,10.0,1.0,0.0,5.0,10.0,45.0,10.0,7.0,12.0,10.0,0.0,0.5667,0.0,0.0,,0.0,2.0,0.0,
org.thymeleaf.IThrottledTemplateProcessor,7.0,1.0,0.0,4.0,7.0,21.0,7.0,5.0,9.0,7.0,0.0,0.4286,0.0,0.0,,0.0,2.0,0.0,
org.thymeleaf.TemplateEngine,46.0,1.0,0.0,69.0,121.0,589.0,45.0,47.0,371.0,1216.0,4.0,0.1397,0.0,0.0444,,25.1522,0.7521,3.0,
org.thymeleaf.TemplateSpec,18.0,1.0,0.0,9.0,46.0,69.0,18.0,14.0,144.0,383.0,1.0,0.3241,1.0,0.0,,19.8889,0.5546,2.0,
org.thymeleaf.Thymeleaf,9.0,1.0,0.0,4.0,22.0,0.0,8.0,6.0,39.0,61.0,1.0,0.125,0.0,0.125,,5.6667,0.125,0.0,
org.thymeleaf.cache.AbstractCacheManager,8.0,1.0,1.0,3.0,14.0,24.0,8.0,4.0,58.0,120.0,2.0,0.5625,0.0,0.375,,13.5,0.7857,3.0,
org.thymeleaf.cache.AlwaysValidCacheEntryValidity,4.0,1.0,0.0,5.0,5.0,6.0,3.0,0.0,14.0,17.0,1.0,1.0,0.0,0.0,,3.0,1.0,0.0,
org.thymeleaf.cache.ExpressionCacheKey,9.0,1.0,0.0,3.0,17.0,0.0,9.0,4.0,70.0,166.0,0.0,0.4444,1.0,0.1111,,16.8889,0.575,1.0,
org.thymeleaf.cache.ICache,6.0,1.0,0.0,8.0,6.0,15.0,6.0,2.0,8.0,6.0,0.0,0.6111,0.0,0.0,,0.0,2.0,0.0,
org.thymeleaf.cache.ICacheEntryValidity,2.0,1.0,0.0,13.0,2.0,1.0,2.0,0.0,4.0,2.0,0.0,1.0,0.0,0.0,,0.0,2.0,0.0,
org.thymeleaf.cache.ICacheEntryValidityChecker,1.0,1.0,0.0,5.0,1.0,0.0,1.0,0.0,2.0,1.0,0.0,1.0,0.0,0.0,,0.0,2.0,0.0,
org.thymeleaf.cache.ICacheManager,5.0,1.0,0.0,9.0,5.0,10.0,5.0,3.0,7.0,5.0,0.0,0.6,0.0,0.0,,0.0,2.0,0.0,
org.thymeleaf.cache.NonCacheableCacheEntryValidity,4.0,1.0,0.0,5.0,5.0,6.0,3.0,0.0,14.0,17.0,1.0,1.0,0.0,0.0,,3.0,1.0,0.0,
org.thymeleaf.cache.StandardCache,24.0,1.0,0.0,8.0,49.0,182.0,24.0,11.0,356.0,699.0,2.0,0.276,0.0,0.0833,,27.5,0.6928,2.0,
org.thymeleaf.cache.StandardCache$CacheDataContainer,11.0,1.0,0.0,4.0,24.0,0.0,,,,327.0,0.0,0.3247,0.0,,,28.0,0.5375,,
org.thymeleaf.cache.StandardCache$CacheEntry,3.0,1.0,0.0,5.0,10.0,0.0,,,,68.0,0.0,0.5556,0.0,,,20.6667,0.5,,
org.thymeleaf.cache.StandardCache.CacheDataContainer,,1.0,0.0,9.0,,61.0,11.0,9.0,117.0,,,,,0.3636,,,164.0,4.0,
org.thymeleaf.cache.StandardCache.CacheEntry,,1.0,0.0,7.0,,33.0,3.0,7.0,33.0,,,,,0.0,,,49.0,2.0,
org.thymeleaf.cache.StandardCacheManager,34.0,2.0,0.0,8.0,42.0,475.0,33.0,13.0,153.0,308.0,4.0,0.2848,1.0,0.1212,,7.2353,0.9589,1.0,
org.thymeleaf.cache.StandardParsedTemplateEntryValidator,3.0,1.0,0.0,6.0,7.0,3.0,2.0,4.0,10.0,20.0,0.0,0.5333,0.0,0.0,,5.3333,1.5,0.0,
org.thymeleaf.cache.TTLCacheEntryValidity,4.0,1.0,0.0,3.0,6.0,0.0,4.0,1.0,20.0,34.0,0.0,0.625,0.0,0.0,,7.0,0.5,0.0,
org.thymeleaf.cache.TemplateCacheKey,12.0,1.0,0.0,5.0,28.0,0.0,12.0,9.0,122.0,336.0,1.0,0.2143,1.0,0.0833,,26.25,0.7071,1.0,
org.thymeleaf.context.AbstractContext,12.0,1.0,3.0,5.0,24.0,4.0,12.0,6.0,50.0,96.0,0.0,0.3667,0.0,0.25,,6.8333,0.4091,1.0,
org.thymeleaf.context.AbstractEngineContext,10.0,1.0,3.0,18.0,31.0,9.0,10.0,16.0,80.0,183.0,3.0,0.2375,0.0,0.1,,16.8,0.8,3.0,
org.thymeleaf.context.AbstractExpressionContext,5.0,2.0,2.0,9.0,11.0,0.0,5.0,7.0,31.0,64.0,2.0,0.55,0.0,0.6,,11.4,0.125,1.0,
org.thymeleaf.context.Context,3.0,2.0,0.0,1.0,6.0,3.0,3.0,2.0,11.0,15.0,0.0,0.6667,0.0,0.0,,4.0,2.0,0.0,
org.thymeleaf.context.Contexts,8.0,1.0,0.0,7.0,10.0,28.0,8.0,5.0,26.0,44.0,0.0,0.5,0.0,0.125,,4.5,2.0,0.0,
org.thymeleaf.context.EngineContext,27.0,2.0,0.0,13.0,81.0,0.0,26.0,25.0,392.0,1282.0,7.0,0.1654,1.0,0.0769,,45.8519,0.7262,7.0,
org.thymeleaf.context.EngineContext$1,2.0,1.0,0.0,1.0,3.0,1.0,,,,7.0,0.0,1.0,0.0,,,2.5,2.0,,
org.thymeleaf.context.EngineContext$2,2.0,1.0,0.0,1.0,3.0,1.0,,,,7.0,0.0,1.0,0.0,,,2.5,2.0,,
org.thymeleaf.context.EngineContext$SelectionTarget,1.0,1.0,0.0,1.0,2.0,0.0,,,,8.0,0.0,1.0,0.0,,,6.0,2.0,,
org.thymeleaf.context.EngineContext.(Anon_1),,1.0,0.0,2.0,,0.0,1.0,2.0,5.0,,,,,0.0,,,5.0,0.0,
org.thymeleaf.context.EngineContext.(Anon_2),,1.0,0.0,2.0,,0.0,1.0,2.0,5.0,,,,,0.0,,,5.0,0.0,
org.thymeleaf.context.EngineContext.SelectionTarget,,1.0,0.0,0.0,,0.0,1.0,0.0,7.0,,,,,0.0,,,10.0,0.0,
org.thymeleaf.context.ExpressionContext,3.0,3.0,0.0,2.0,6.0,3.0,3.0,3.0,12.0,18.0,0.0,0.75,0.0,0.0,,5.0,2.0,0.0,
org.thymeleaf.context.IContext,4.0,1.0,0.0,13.0,4.0,6.0,4.0,3.0,6.0,4.0,0.0,0.75,0.0,0.0,,0.0,2.0,0.0,
org.thymeleaf.context.IEngineContext,12.0,1.0,0.0,26.0,12.0,66.0,12.0,6.0,14.0,12.0,0.0,0.2292,0.0,0.0,,0.0,2.0,0.0,
org.thymeleaf.context.IEngineContextFactory,1.0,1.0,0.0,8.0,1.0,0.0,1.0,5.0,5.0,1.0,0.0,1.0,0.0,0.0,,0.0,2.0,0.0,
org.thymeleaf.context.IExpressionContext,2.0,1.0,0.0,71.0,2.0,1.0,2.0,2.0,4.0,2.0,0.0,1.0,0.0,0.0,,0.0,2.0,0.0,
org.thymeleaf.context.ILazyContextVariable,1.0,1.0,0.0,3.0,1.0,0.0,1.0,0.0,3.0,1.0,0.0,1.0,0.0,0.0,,0.0,2.0,0.0,
org.thymeleaf.context.ITemplateContext,12.0,1.0,0.0,92.0,12.0,66.0,12.0,9.0,15.0,12.0,0.0,0.25,0.0,0.0,,0.0,2.0,0.0,
org.thymeleaf.context.IWebContext,1.0,1.0,0.0,7.0,1.0,0.0,1.0,1.0,3.0,1.0,0.0,1.0,0.0,0.0,,0.0,2.0,0.0,
org.thymeleaf.context.IdentifierSequences,4.0,1.0,0.0,5.0,15.0,0.0,4.0,6.0,33.0,88.0,0.0,0.875,0.0,0.0,,20.75,0.0,1.0,
org.thymeleaf.context.LazyContextVariable,3.0,1.0,0.0,1.0,4.0,1.0,3.0,0.0,19.0,39.0,0.0,1.0,0.0,0.6667,,11.3333,0.75,2.0,
org.thymeleaf.context.StandardEngineContextFactory,2.0,1.0,0.0,12.0,20.0,1.0,2.0,14.0,37.0,99.0,0.0,0.6,0.0,0.0,,48.5,2.0,2.0,
org.thymeleaf.context.WebContext,4.0,2.0,0.0,4.0,8.0,0.0,4.0,5.0,23.0,38.0,1.0,0.625,0.0,0.0,,8.25,0.0,0.0,
org.thymeleaf.context.WebEngineContext,26.0,2.0,0.0,15.0,66.0,0.0,26.0,18.0,816.0,339.0,5.0,0.1503,1.0,0.0,,11.7308,0.875,2.0,
org.thymeleaf.context.WebEngineContext$ApplicationAttributeMap,10.0,2.0,0.0,4.0,21.0,43.0,,,,73.0,2.0,0.4667,0.0,,,6.1,0.2778,,
org.thymeleaf.context.WebEngineContext$ExchangeAttributeMap,26.0,2.0,0.0,11.0,71.0,9.0,,,,1500.0,8.0,0.1474,1.0,,,55.9615,0.7011,,
org.thymeleaf.context.WebEngineContext$ExchangeAttributeMap$SelectionTarget,1.0,1.0,0.0,1.0,2.0,0.0,,,,8.0,0.0,1.0,0.0,,,6.0,2.0,,
org.thymeleaf.context.WebEngineContext$NoOpMapImpl,14.0,1.0,3.0,3.0,18.0,91.0,,,,59.0,0.0,0.3929,0.0,,,3.2143,2.0,,
org.thymeleaf.context.WebEngineContext$RequestParameterMap,10.0,2.0,0.0,5.0,21.0,43.0,,,,81.0,2.0,0.4667,0.0,,,6.9,0.2778,,
org.thymeleaf.context.WebEngineContext$RequestParameterValues,9.0,3.0,0.0,2.0,16.0,0.0,,,,146.0,0.0,0.3333,2.0,,,15.0,0.375,,
org.thymeleaf.context.WebEngineContext$SessionAttributeMap,10.0,2.0,0.0,4.0,22.0,43.0,,,,101.0,1.0,0.4667,0.0,,,9.0,0.2222,,
org.thymeleaf.context.WebEngineContext.ApplicationAttributeMap,,2.0,0.0,7.0,,85.0,10.0,7.0,46.0,,,,,0.1,,,67.0,1.0,
org.thymeleaf.context.WebEngineContext.ExchangeAttributeMap,,2.0,0.0,24.0,,76.0,26.0,24.0,404.0,,,,,0.0769,,,587.0,5.0,
org.thymeleaf.context.WebEngineContext.ExchangeAttributeMap.SelectionTarget,,1.0,0.0,0.0,,0.0,1.0,0.0,7.0,,,,,0.0,,,10.0,0.0,
org.thymeleaf.context.WebEngineContext.NoOpMapImpl,,1.0,3.0,5.0,,0.0,13.0,5.0,41.0,,,,,0.0769,,,55.0,0.0,
org.thymeleaf.context.WebEngineContext.RequestParameterMap,,2.0,0.0,9.0,,85.0,10.0,9.0,50.0,,,,,0.1,,,71.0,1.0,
org.thymeleaf.context.WebEngineContext.RequestParameterValues,,1.0,0.0,5.0,,38.0,8.0,5.0,65.0,,,,,0.0,,,79.0,3.0,
org.thymeleaf.context.WebEngineContext.SessionAttributeMap,,2.0,0.0,8.0,,80.0,10.0,8.0,66.0,,,,,0.1,,,87.0,1.0,
org.thymeleaf.context.WebExpressionContext,4.0,3.0,0.0,5.0,8.0,0.0,4.0,6.0,28.0,41.0,1.0,0.65,0.0,0.0,,9.0,0.0,0.0,
org.thymeleaf.dialect.AbstractDialect,2.0,1.0,1.0,3.0,4.0,0.0,2.0,2.0,11.0,15.0,0.0,0.75,0.0,0.5,,6.0,0.0,0.0,
org.thymeleaf.dialect.AbstractProcessorDialect,3.0,2.0,1.0,3.0,4.0,0.0,3.0,1.0,15.0,21.0,0.0,0.5556,0.0,0.3333,,5.3333,0.5,0.0,
org.thymeleaf.dialect.IDialect,1.0,1.0,0.0,11.0,1.0,0.0,1.0,1.0,3.0,1.0,0.0,1.0,0.0,0.0,,0.0,2.0,0.0,
org.thymeleaf.dialect.IExecutionAttributeDialect,1.0,1.0,0.0,4.0,1.0,0.0,1.0,1.0,3.0,1.0,0.0,1.0,0.0,0.0,,0.0,2.0,0.0,
org.thymeleaf.dialect.IExpressionObjectDialect,1.0,1.0,0.0,5.0,1.0,0.0,1.0,1.0,3.0,1.0,0.0,1.0,0.0,0.0,,0.0,2.0,0.0,
org.thymeleaf.dialect.IPostProcessorDialect,2.0,1.0,0.0,3.0,2.0,1.0,2.0,1.0,4.0,2.0,0.0,1.0,0.0,0.0,,0.0,2.0,0.0,
org.thymeleaf.dialect.IPreProcessorDialect,2.0,1.0,0.0,3.0,2.0,1.0,2.0,1.0,4.0,2.0,0.0,1.0,0.0,0.0,,0.0,2.0,0.0,
org.thymeleaf.dialect.IProcessorDialect,3.0,1.0,0.0,20.0,3.0,3.0,3.0,2.0,5.0,3.0,0.0,0.6667,0.0,0.0,,0.0,2.0,0.0,
org.thymeleaf.engine.AbstractElementTag,7.0,2.0,2.0,8.0,13.0,3.0,7.0,8.0,51.0,74.0,2.0,0.381,0.0,0.2857,,9.0,0.6667,1.0,
org.thymeleaf.engine.AbstractGatheringModelProcessable,20.0,1.0,2.0,23.0,33.0,18.0,20.0,20.0,140.0,308.0,7.0,0.1056,0.0,0.2,,13.9,0.7947,1.0,
org.thymeleaf.engine.AbstractProcessableElementTag,22.0,3.0,2.0,22.0,41.0,43.0,21.0,18.0,160.0,375.0,3.0,0.2294,0.0,0.0476,,15.9091,0.6667,3.0,
org.thymeleaf.engine.AbstractTemplateEvent,7.0,1.0,7.0,8.0,8.0,0.0,7.0,1.0,32.0,67.0,0.0,0.3571,0.0,0.0,,8.1429,0.3333,0.0,
org.thymeleaf.engine.AbstractTemplateHandler,17.0,1.0,2.0,16.0,30.0,0.0,17.0,13.0,89.0,156.0,2.0,0.1303,0.0,0.2353,,8.0588,0.4688,1.0,
org.thymeleaf.engine.AbstractTextualTemplateEvent,12.0,2.0,3.0,6.0,24.0,16.0,12.0,8.0,141.0,355.0,0.0,0.3167,0.0,0.5,,28.0,0.5195,3.0,
org.thymeleaf.engine.Attribute,15.0,1.0,0.0,15.0,23.0,45.0,15.0,9.0,132.0,236.0,3.0,0.2286,0.0,0.0,,14.0667,0.7929,3.0,
org.thymeleaf.engine.Attribute$1,1.0,1.0,0.0,2.0,3.0,0.0,,,,28.0,0.0,0.0,0.0,,,26.0,2.0,,
org.thymeleaf.engine.AttributeDefinition,7.0,1.0,3.0,26.0,20.0,5.0,7.0,9.0,54.0,117.0,2.0,0.3571,1.0,0.0,,15.1429,0.75,1.0,
org.thymeleaf.engine.AttributeDefinitions,26.0,1.0,0.0,40.0,71.0,261.0,22.0,27.0,593.0,1784.0,5.0,0.244,0.0,0.1364,,67.3462,0.8057,3.0,
org.thymeleaf.engine.AttributeDefinitions$1,1.0,1.0,0.0,2.0,3.0,0.0,,,,49.0,0.0,0.0,0.0,,,47.0,2.0,,
org.thymeleaf.engine.AttributeDefinitions$AttributeDefinitionRepository,12.0,1.0,0.0,12.0,47.0,10.0,,,,932.0,1.0,0.2583,0.0,,,75.9167,0.5354,,
org.thymeleaf.engine.AttributeDefinitions.AttributeDefinitionRepository,,1.0,0.0,15.0,,56.0,11.0,15.0,268.0,,,,,0.6364,,,483.0,5.0,
org.thymeleaf.engine.AttributeName,8.0,1.0,3.0,55.0,20.0,4.0,8.0,5.0,64.0,142.0,0.0,0.3438,1.0,0.125,,16.25,0.7143,1.0,
org.thymeleaf.engine.AttributeNames,32.0,1.0,0.0,14.0,54.0,460.0,22.0,9.0,552.0,1067.0,3.0,0.2839,0.0,0.4545,,32.25,0.8065,3.0,
org.thymeleaf.engine.AttributeNames$AttributeNamesRepository,10.0,1.0,0.0,7.0,41.0,3.0,,,,716.0,1.0,0.3714,0.0,,,70.0,0.5556,,
org.thymeleaf.engine.AttributeNames.AttributeNamesRepository,,1.0,0.0,11.0,,55.0,10.0,11.0,219.0,,,,,0.6,,,378.0,5.0,
org.thymeleaf.engine.Attributes,23.0,1.0,0.0,19.0,42.0,0.0,22.0,18.0,275.0,901.0,3.0,0.2355,0.0,0.2273,,37.8696,0.7273,2.0,
org.thymeleaf.engine.CDATASection,14.0,3.0,0.0,10.0,34.0,49.0,14.0,6.0,74.0,209.0,0.0,0.25,0.0,0.0,,13.5714,0.6154,1.0,
org.thymeleaf.engine.CDATASectionStructureHandler,5.0,1.0,0.0,4.0,7.0,4.0,5.0,3.0,37.0,68.0,1.0,0.4,0.0,0.0,,11.4,0.0,0.0,
org.thymeleaf.engine.CloseElementTag,7.0,3.0,0.0,14.0,22.0,11.0,7.0,8.0,70.0,120.0,0.0,0.2714,1.0,0.0,,15.8571,0.5,2.0,
org.thymeleaf.engine.Comment,14.0,3.0,0.0,10.0,34.0,49.0,14.0,6.0,74.0,209.0,0.0,0.25,0.0,0.0,,13.5714,0.6154,1.0,
org.thymeleaf.engine.CommentStructureHandler,5.0,1.0,0.0,4.0,7.0,4.0,5.0,3.0,37.0,68.0,1.0,0.4,0.0,0.0,,11.4,0.0,0.0,
org.thymeleaf.engine.DataDrivenTemplateIterator,21.0,1.0,0.0,4.0,37.0,94.0,20.0,12.0,148.0,378.0,2.0,0.2083,0.0,0.05,,16.4286,0.8333,2.0,
org.thymeleaf.engine.DecreaseContextLevelProcessable,2.0,1.0,0.0,4.0,4.0,0.0,2.0,2.0,17.0,27.0,2.0,0.6667,0.0,0.0,,11.5,0.0,1.0,
org.thymeleaf.engine.DocType,18.0,2.0,0.0,10.0,36.0,101.0,18.0,8.0,138.0,275.0,0.0,0.1984,0.0,0.1111,,13.6667,0.8289,2.0,
org.thymeleaf.engine.DocTypeStructureHandler,5.0,1.0,0.0,4.0,7.0,4.0,5.0,3.0,52.0,99.0,1.0,0.4,0.0,0.0,,16.8,0.0,0.0,
org.thymeleaf.engine.ElementDefinition,7.0,1.0,3.0,18.0,20.0,5.0,7.0,9.0,54.0,117.0,2.0,0.3571,1.0,0.0,,15.1429,0.75,1.0,
org.thymeleaf.engine.ElementDefinitions,26.0,1.0,0.0,31.0,67.0,265.0,22.0,27.0,677.0,1840.0,123.0,0.2291,0.0,0.1364,,65.0,0.9903,3.0,
org.thymeleaf.engine.ElementDefinitions$1,1.0,1.0,0.0,2.0,3.0,0.0,,,,49.0,0.0,0.0,0.0,,,47.0,2.0,,
org.thymeleaf.engine.ElementDefinitions$ElementDefinitionRepository,12.0,1.0,0.0,13.0,47.0,10.0,,,,935.0,1.0,0.2583,0.0,,,76.1667,0.5354,,
org.thymeleaf.engine.ElementDefinitions$HTMLElementDefinitionSpec,2.0,1.0,0.0,3.0,5.0,0.0,,,,23.0,2.0,1.0,0.0,,,9.0,0.6667,,
org.thymeleaf.engine.ElementDefinitions.ElementDefinitionRepository,,1.0,0.0,16.0,,56.0,11.0,16.0,268.0,,,,,0.6364,,,484.0,5.0,
org.thymeleaf.engine.ElementDefinitions.HTMLElementDefinitionSpec,,1.0,0.0,4.0,,0.0,1.0,4.0,11.0,,,,,0.0,,,15.0,0.0,
org.thymeleaf.engine.ElementModelStructureHandler,8.0,1.0,0.0,5.0,25.0,6.0,8.0,8.0,80.0,176.0,2.0,0.3125,0.0,0.0,,19.75,0.5714,2.0,
org.thymeleaf.engine.ElementName,8.0,1.0,3.0,17.0,18.0,4.0,8.0,5.0,61.0,134.0,0.0,0.3438,1.0,0.125,,15.25,0.7143,1.0,
org.thymeleaf.engine.ElementNames,32.0,1.0,0.0,13.0,54.0,460.0,22.0,9.0,534.0,984.0,3.0,0.2839,0.0,0.4545,,29.6563,0.8065,3.0,
org.thymeleaf.engine.ElementNames$ElementNamesRepository,10.0,1.0,0.0,7.0,41.0,3.0,,,,716.0,1.0,0.3714,0.0,,,70.0,0.5556,,
org.thymeleaf.engine.ElementNames.ElementNamesRepository,,1.0,0.0,11.0,,55.0,10.0,11.0,219.0,,,,,0.6,,,378.0,5.0,
org.thymeleaf.engine.ElementProcessorIterator,8.0,1.0,0.0,6.0,22.0,0.0,8.0,10.0,144.0,454.0,3.0,0.5417,0.0,0.25,,54.5,0.5,2.0,
org.thymeleaf.engine.ElementTagStructureHandler,33.0,1.0,0.0,13.0,58.0,398.0,33.0,17.0,377.0,1048.0,6.0,0.158,0.0,0.1212,,29.4242,0.7337,3.0,
org.thymeleaf.engine.EngineContextManager,4.0,1.0,0.0,7.0,10.0,6.0,4.0,6.0,31.0,42.0,0.0,0.4167,0.0,0.5,,9.5,2.0,1.0,
org.thymeleaf.engine.EngineEventUtils,11.0,1.0,0.0,22.0,30.0,55.0,11.0,20.0,117.0,235.0,0.0,0.1515,0.0,0.3636,,20.3636,2.0,2.0,
org.thymeleaf.engine.GatheringModelProcessable,2.0,2.0,0.0,10.0,9.0,0.0,2.0,8.0,29.0,72.0,1.0,0.5556,0.0,0.0,,34.0,0.0,1.0,
org.thymeleaf.engine.HTMLAttributeDefinition,2.0,2.0,0.0,5.0,3.0,0.0,2.0,2.0,11.0,14.0,0.0,0.625,0.0,0.0,,5.5,0.0,0.0,
org.thymeleaf.engine.HTMLAttributeName,4.0,2.0,0.0,8.0,10.0,2.0,4.0,1.0,42.0,106.0,0.0,0.5,0.0,0.25,,25.0,0.3333,1.0,
org.thymeleaf.engine.HTMLElementDefinition,2.0,2.0,0.0,6.0,3.0,0.0,2.0,3.0,10.0,14.0,1.0,0.625,0.0,0.0,,5.5,0.0,0.0,
org.thymeleaf.engine.HTMLElementName,4.0,2.0,0.0,9.0,10.0,2.0,4.0,1.0,42.0,104.0,0.0,0.5,0.0,0.25,,24.5,0.3333,1.0,
org.thymeleaf.engine.HTMLElementType,6.0,2.0,0.0,5.0,9.0,9.0,4.0,1.0,10.0,94.0,6.0,0.3,1.0,0.25,,13.5,0.7714,0.0,
org.thymeleaf.engine.IAttributeDefinitionsAware,1.0,1.0,0.0,11.0,1.0,0.0,1.0,1.0,3.0,1.0,0.0,1.0,0.0,0.0,,0.0,2.0,0.0,
org.thymeleaf.engine.IElementDefinitionsAware,1.0,1.0,0.0,5.0,1.0,0.0,1.0,1.0,3.0,1.0,0.0,1.0,0.0,0.0,,0.0,2.0,0.0,
org.thymeleaf.engine.IEngineProcessable,1.0,1.0,0.0,7.0,1.0,0.0,1.0,0.0,2.0,1.0,0.0,1.0,0.0,0.0,,0.0,2.0,0.0,
org.thymeleaf.engine.IEngineTemplateEvent,1.0,1.0,0.0,14.0,1.0,0.0,1.0,1.0,3.0,1.0,0.0,1.0,0.0,0.0,,0.0,2.0,0.0,
org.thymeleaf.engine.IGatheringModelProcessable,14.0,1.0,0.0,15.0,14.0,91.0,14.0,11.0,15.0,14.0,0.0,0.1714,0.0,0.0,,0.0,2.0,0.0,
org.thymeleaf.engine.ISSEThrottledTemplateWriterControl,2.0,1.0,0.0,3.0,2.0,1.0,2.0,1.0,4.0,2.0,0.0,0.75,0.0,0.0,,0.0,2.0,0.0,
org.thymeleaf.engine.ITemplateHandler,13.0,1.0,0.0,43.0,13.0,78.0,13.0,12.0,15.0,13.0,0.0,0.1429,0.0,0.0,,0.0,2.0,0.0,
org.thymeleaf.engine.IThrottledTemplateWriterControl,5.0,1.0,0.0,4.0,5.0,10.0,5.0,1.0,7.0,5.0,0.0,1.0,0.0,0.0,,0.0,2.0,0.0,
org.thymeleaf.engine.IteratedGatheringModelProcessable,7.0,2.0,0.0,24.0,59.0,13.0,7.0,38.0,330.0,794.0,7.0,0.2308,0.0,0.5714,,110.5714,0.7564,4.0,
org.thymeleaf.engine.IteratedGatheringModelProcessable$1,4.0,1.0,0.0,1.0,8.0,0.0,,,,51.0,0.0,0.625,0.0,,,10.75,0.6667,,
org.thymeleaf.engine.IteratedGatheringModelProcessable$2,4.0,1.0,0.0,1.0,8.0,0.0,,,,30.0,0.0,0.625,0.0,,,6.0,0.6667,,
org.thymeleaf.engine.IteratedGatheringModelProcessable$IterationModels,3.0,1.0,0.0,2.0,4.0,1.0,,,,45.0,4.0,0.75,0.0,,,12.3333,0.5,,
org.thymeleaf.engine.IteratedGatheringModelProcessable$IterationWhiteSpaceHandling,5.0,2.0,0.0,2.0,8.0,6.0,,,,59.0,4.0,0.3333,1.0,,,10.0,0.75,,
org.thymeleaf.engine.IteratedGatheringModelProcessable.IterationModels,,1.0,0.0,1.0,,50.0,2.0,1.0,17.0,,,,,0.0,,,22.0,0.0,
org.thymeleaf.engine.IteratedGatheringModelProcessable.IterationWhiteSpaceHandling,,1.0,0.0,2.0,,,2.0,2.0,1.0,,,,,0.0,,,1.0,0.0,
org.thymeleaf.engine.IteratedGatheringModelProcessable.computeIteratedObjectIterator.(Anon_1),,1.0,0.0,3.0,,56.0,3.0,3.0,13.0,,,,,0.0,,,17.0,0.0,
org.thymeleaf.engine.IteratedGatheringModelProcessable.computeIteratedObjectIterator.(Anon_2),,1.0,0.0,3.0,,33.0,3.0,3.0,11.0,,,,,0.0,,,16.0,0.0,
org.thymeleaf.engine.IterationStatusVar,11.0,1.0,0.0,1.0,19.0,13.0,11.0,3.0,40.0,110.0,0.0,1.0,0.0,0.0,,8.7273,0.6667,0.0,
org.thymeleaf.engine.Model,25.0,1.0,0.0,47.0,60.0,0.0,25.0,41.0,239.0,727.0,3.0,0.1733,0.0,0.12,,27.88,0.5917,2.0,
org.thymeleaf.engine.ModelBuilderTemplateHandler,13.0,2.0,0.0,29.0,42.0,0.0,13.0,30.0,70.0,163.0,2.0,0.1429,0.0,0.0,,11.3077,0.6111,0.0,
org.thymeleaf.engine.OpenElementTag,16.0,4.0,0.0,23.0,43.0,90.0,11.0,16.0,124.0,399.0,0.0,0.225,1.0,0.0,,23.9375,2.0,2.0,
org.thymeleaf.engine.OpenElementTagModelProcessable,2.0,1.0,0.0,10.0,6.0,0.0,2.0,7.0,64.0,174.0,6.0,0.5714,0.0,0.0,,81.0,0.0,3.0,
org.thymeleaf.engine.OutputTemplateHandler,10.0,2.0,0.0,12.0,58.0,0.0,10.0,15.0,108.0,222.0,0.0,0.1818,0.0,0.0,,21.1,0.0,1.0,
org.thymeleaf.engine.ProcessingInstruction,11.0,2.0,0.0,10.0,25.0,27.0,11.0,7.0,66.0,126.0,0.0,0.2208,0.0,0.0909,,10.1818,0.5667,1.0,
org.thymeleaf.engine.ProcessingInstructionStructureHandler,5.0,1.0,0.0,4.0,7.0,4.0,5.0,3.0,41.0,78.0,1.0,0.4,0.0,0.0,,13.2,0.0,0.0,
org.thymeleaf.engine.ProcessorExecutionVars,2.0,1.0,0.0,12.0,6.0,0.0,2.0,4.0,28.0,80.0,4.0,1.0,0.0,0.0,,35.5,0.0,1.0,
org.thymeleaf.engine.ProcessorTemplateHandler,25.0,1.0,0.0,80.0,178.0,0.0,24.0,73.0,914.0,2999.0,34.0,0.0938,0.0,0.25,,117.44,0.7961,4.0,
org.thymeleaf.engine.SSEThrottledTemplateWriter,11.0,3.0,0.0,4.0,22.0,11.0,10.0,7.0,143.0,365.0,0.0,0.4,2.0,0.2,,31.5455,0.5,2.0,
org.thymeleaf.engine.SimpleModelProcessable,4.0,1.0,0.0,5.0,6.0,0.0,4.0,3.0,26.0,63.0,3.0,0.4375,0.0,0.0,,13.75,0.5,1.0,
org.thymeleaf.engine.StandaloneElementTag,17.0,4.0,0.0,23.0,50.0,64.0,12.0,17.0,142.0,474.0,0.0,0.2157,1.0,0.0,,26.8235,0.125,2.0,
org.thymeleaf.engine.StandaloneElementTagModelProcessable,2.0,1.0,0.0,10.0,6.0,0.0,2.0,8.0,68.0,175.0,7.0,0.5625,0.0,0.0,,81.0,0.0909,3.0,
org.thymeleaf.engine.StandardModelFactory,50.0,1.0,0.0,39.0,100.0,979.0,49.0,42.0,341.0,1120.0,4.0,0.1959,0.0,0.3673,,21.3,0.751,1.0,
org.thymeleaf.engine.TemplateBoundariesStructureHandler,10.0,1.0,0.0,6.0,25.0,23.0,10.0,9.0,95.0,202.0,2.0,0.2857,0.0,0.1,,17.8,0.6667,2.0,
org.thymeleaf.engine.TemplateData,7.0,1.0,0.0,32.0,8.0,7.0,7.0,5.0,38.0,52.0,3.0,0.2857,0.0,0.0,,5.7143,0.8,0.0,
org.thymeleaf.engine.TemplateEnd,7.0,2.0,0.0,11.0,10.0,19.0,6.0,6.0,22.0,29.0,1.0,0.3,0.0,0.1667,,3.0,0.8333,0.0,
org.thymeleaf.engine.TemplateEndModelProcessable,2.0,1.0,0.0,6.0,6.0,0.0,2.0,5.0,34.0,77.0,6.0,0.5833,0.0,0.0,,34.0,0.0,1.0,
org.thymeleaf.engine.TemplateFlowController,1.0,1.0,0.0,18.0,2.0,0.0,1.0,0.0,6.0,12.0,0.0,1.0,0.0,0.0,,9.0,2.0,0.0,
org.thymeleaf.engine.TemplateHandlerAdapterMarkupHandler,23.0,2.0,0.0,35.0,57.0,0.0,23.0,26.0,401.0,1111.0,4.0,0.3261,0.0,0.0,,46.8261,0.5248,1.0,
org.thymeleaf.engine.TemplateHandlerAdapterRawHandler,4.0,1.0,0.0,11.0,11.0,0.0,4.0,7.0,34.0,76.0,1.0,0.5417,0.0,0.0,,17.0,0.5,0.0,
org.thymeleaf.engine.TemplateHandlerAdapterTextHandler,12.0,2.0,0.0,25.0,36.0,0.0,11.0,22.0,203.0,574.0,4.0,0.3545,0.0,0.0,,45.9167,0.595,2.0,
org.thymeleaf.engine.TemplateManager,14.0,1.0,0.0,52.0,110.0,23.0,13.0,55.0,440.0,1173.0,8.0,0.2081,0.0,0.3846,,82.0,0.6923,4.0,
org.thymeleaf.engine.TemplateManager$1,1.0,1.0,0.0,2.0,3.0,0.0,,,,49.0,0.0,0.0,0.0,,,47.0,2.0,,
org.thymeleaf.engine.TemplateModel,20.0,1.0,0.0,28.0,36.0,140.0,20.0,20.0,105.0,241.0,3.0,0.1727,0.0,0.05,,10.9,0.8246,1.0,
org.thymeleaf.engine.TemplateModelController,28.0,1.0,0.0,34.0,60.0,0.0,27.0,40.0,325.0,1049.0,11.0,0.1044,0.0,0.1852,,35.9286,0.716,2.0,
org.thymeleaf.engine.TemplateModelController$SkipBody,5.0,2.0,0.0,8.0,8.0,6.0,,,,94.0,5.0,0.3125,1.0,,,16.2,0.75,,
org.thymeleaf.engine.TemplateModelController.SkipBody,,1.0,0.0,2.0,,,3.0,2.0,14.0,,,,,0.0,,,18.0,0.0,
org.thymeleaf.engine.TemplateStart,7.0,2.0,0.0,11.0,10.0,19.0,6.0,6.0,22.0,29.0,1.0,0.3,0.0,0.1667,,3.0,0.8333,0.0,
org.thymeleaf.engine.Text,11.0,3.0,0.0,14.0,24.0,55.0,11.0,6.0,40.0,70.0,0.0,0.2273,0.0,0.0,,5.3636,2.0,1.0,
org.thymeleaf.engine.TextAttributeDefinition,1.0,2.0,0.0,5.0,2.0,0.0,1.0,2.0,5.0,6.0,0.0,1.0,0.0,0.0,,5.0,2.0,0.0,
org.thymeleaf.engine.TextAttributeName,3.0,2.0,0.0,7.0,8.0,1.0,3.0,1.0,28.0,63.0,0.0,0.5556,0.0,0.3333,,19.6667,0.0,1.0,
org.thymeleaf.engine.TextElementDefinition,1.0,2.0,0.0,5.0,2.0,0.0,1.0,2.0,5.0,6.0,0.0,1.0,0.0,0.0,,5.0,2.0,0.0,
org.thymeleaf.engine.TextElementName,3.0,2.0,0.0,7.0,8.0,1.0,3.0,1.0,28.0,63.0,0.0,0.5556,0.0,0.3333,,19.6667,0.0,1.0,
org.thymeleaf.engine.TextStructureHandler,5.0,1.0,0.0,4.0,7.0,4.0,5.0,3.0,37.0,68.0,1.0,0.4,0.0,0.0,,11.4,0.0,0.0,
org.thymeleaf.engine.ThrottledTemplateProcessor,13.0,1.0,0.0,18.0,50.0,0.0,12.0,32.0,159.0,554.0,7.0,0.1923,0.0,0.25,,40.3077,0.652,4.0,
org.thymeleaf.engine.ThrottledTemplateWriter,16.0,2.0,1.0,9.0,40.0,0.0,16.0,15.0,116.0,248.0,2.0,0.2344,1.0,0.0,,14.1875,0.6,1.0,
org.thymeleaf.engine.ThrottledTemplateWriter$IThrottledTemplateWriterAdapter,6.0,1.0,0.0,3.0,6.0,15.0,,,,6.0,0.0,0.5833,0.0,,,0.0,2.0,,
org.thymeleaf.engine.ThrottledTemplateWriter.IThrottledTemplateWriterAdapter,,0.0,2.0,0.0,,0.0,6.0,0.0,8.0,,,,,0.0,,,10.0,0.0,
org.thymeleaf.engine.ThrottledTemplateWriterOutputStreamAdapter,16.0,2.0,0.0,4.0,24.0,8.0,16.0,8.0,187.0,528.0,1.0,0.3021,1.0,0.1875,,31.3125,0.6727,3.0,
org.thymeleaf.engine.ThrottledTemplateWriterWriterAdapter,20.0,2.0,0.0,4.0,31.0,20.0,19.0,8.0,230.0,698.0,1.0,0.3158,1.0,0.2105,,33.35,0.6411,3.0,
org.thymeleaf.engine.XMLAttributeDefinition,1.0,2.0,0.0,5.0,2.0,0.0,1.0,2.0,5.0,6.0,0.0,1.0,0.0,0.0,,5.0,2.0,0.0,
org.thymeleaf.engine.XMLAttributeName,3.0,2.0,0.0,7.0,8.0,1.0,3.0,1.0,28.0,63.0,0.0,0.5556,0.0,0.3333,,19.6667,0.0,1.0,
org.thymeleaf.engine.XMLDeclaration,14.0,2.0,0.0,10.0,30.0,51.0,14.0,7.0,110.0,225.0,0.0,0.2143,0.0,0.0714,,14.3571,0.8385,1.0,
org.thymeleaf.engine.XMLDeclarationStructureHandler,5.0,1.0,0.0,4.0,7.0,4.0,5.0,3.0,47.0,89.0,1.0,0.4,0.0,0.0,,15.0,0.0,0.0,
org.thymeleaf.engine.XMLElementDefinition,1.0,2.0,0.0,5.0,2.0,0.0,1.0,2.0,5.0,6.0,0.0,1.0,0.0,0.0,,5.0,2.0,0.0,
org.thymeleaf.engine.XMLElementName,3.0,2.0,0.0,7.0,8.0,1.0,3.0,1.0,28.0,63.0,0.0,0.5556,0.0,0.3333,,19.6667,0.0,1.0,
org.thymeleaf.exceptions.AlreadyInitializedException,2.0,5.0,0.0,1.0,4.0,1.0,2.0,1.0,9.0,12.0,0.0,0.8333,0.0,0.0,,4.5,2.0,0.0,
org.thymeleaf.exceptions.CacheConfigurationException,2.0,6.0,0.0,1.0,4.0,1.0,2.0,1.0,9.0,12.0,0.0,0.8333,0.0,0.0,,4.5,2.0,0.0,
org.thymeleaf.exceptions.ConfigurationException,2.0,5.0,1.0,8.0,4.0,1.0,2.0,1.0,9.0,12.0,0.0,0.8333,0.0,0.0,,4.5,2.0,0.0,
org.thymeleaf.exceptions.ParserInitializationException,2.0,5.0,0.0,1.0,4.0,1.0,2.0,1.0,9.0,12.0,0.0,0.8333,0.0,0.0,,4.5,2.0,0.0,
org.thymeleaf.exceptions.TemplateAssertionException,3.0,4.0,0.0,1.0,6.0,3.0,3.0,2.0,20.0,62.0,0.0,0.5833,0.0,0.3333,,18.6667,1.5,1.0,
org.thymeleaf.exceptions.TemplateEngineException,2.0,4.0,4.0,6.0,4.0,1.0,2.0,1.0,9.0,12.0,0.0,0.8333,0.0,1.0,,4.5,2.0,0.0,
org.thymeleaf.exceptions.TemplateInputException,5.0,6.0,0.0,11.0,10.0,10.0,5.0,1.0,18.0,36.0,0.0,0.75,0.0,0.0,,6.0,1.25,0.0,
org.thymeleaf.exceptions.TemplateOutputException,1.0,6.0,0.0,7.0,2.0,0.0,1.0,1.0,6.0,10.0,0.0,1.0,0.0,0.0,,8.0,2.0,0.0,
org.thymeleaf.exceptions.TemplateProcessingException,13.0,5.0,2.0,88.0,22.0,0.0,13.0,4.0,80.0,210.0,0.0,0.4808,1.0,0.0,,14.8462,0.5833,3.0,
org.thymeleaf.expression.Aggregates,17.0,1.0,0.0,2.0,34.0,136.0,17.0,4.0,53.0,68.0,0.0,0.2157,0.0,0.0,,3.0,2.0,0.0,
org.thymeleaf.expression.Arrays,13.0,1.0,0.0,2.0,26.0,78.0,13.0,2.0,41.0,55.0,0.0,0.5192,0.0,0.0,,3.2308,2.0,0.0,
org.thymeleaf.expression.Bools,15.0,1.0,0.0,3.0,30.0,105.0,15.0,7.0,113.0,340.0,0.0,0.3867,0.0,0.0,,21.6667,2.0,2.0,
org.thymeleaf.expression.Calendars,73.0,1.0,0.0,4.0,108.0,2286.0,73.0,12.0,605.0,1693.0,0.0,0.2534,0.0,0.0,,22.1781,0.5,1.0,
org.thymeleaf.expression.Conversions,3.0,1.0,0.0,7.0,13.0,1.0,3.0,9.0,26.0,65.0,1.0,0.5333,0.0,0.0,,20.3333,0.0,2.0,
org.thymeleaf.expression.Dates,69.0,1.0,0.0,4.0,105.0,2136.0,69.0,13.0,589.0,1649.0,0.0,0.2536,0.0,0.0,,22.8841,0.5294,1.0,
org.thymeleaf.expression.ExecutionInfo,9.0,1.0,0.0,4.0,23.0,0.0,9.0,8.0,43.0,111.0,1.0,0.5556,0.0,0.0,,11.1111,0.5,1.0,
org.thymeleaf.expression.ExpressionObjects,5.0,1.0,0.0,6.0,16.0,0.0,5.0,7.0,43.0,93.0,2.0,0.45,0.0,0.0,,16.6,0.75,1.0,
org.thymeleaf.expression.IExpressionObjectFactory,3.0,1.0,0.0,12.0,3.0,3.0,3.0,3.0,5.0,3.0,0.0,0.6667,0.0,0.0,,0.0,2.0,0.0,
org.thymeleaf.expression.IExpressionObjects,4.0,1.0,0.0,6.0,4.0,6.0,4.0,2.0,6.0,4.0,0.0,0.75,0.0,0.0,,0.0,2.0,0.0,
org.thymeleaf.expression.Ids,4.0,1.0,0.0,4.0,15.0,0.0,4.0,4.0,23.0,71.0,1.0,0.6667,0.0,0.0,,16.5,0.0,0.0,
org.thymeleaf.expression.Lists,9.0,1.0,0.0,2.0,18.0,36.0,9.0,4.0,29.0,40.0,0.0,0.3889,0.0,0.0,,3.4444,2.0,0.0,
org.thymeleaf.expression.Maps,9.0,1.0,0.0,2.0,18.0,36.0,9.0,3.0,29.0,42.0,0.0,0.5111,0.0,0.0,,3.6667,2.0,0.0,
org.thymeleaf.expression.Messages,43.0,1.0,0.0,3.0,52.0,801.0,42.0,8.0,153.0,580.0,1.0,0.3069,0.0,0.0238,,12.4419,0.6071,1.0,
org.thymeleaf.expression.Numbers,31.0,1.0,0.0,4.0,58.0,409.0,31.0,12.0,323.0,977.0,0.0,0.3952,0.0,0.0,,30.4839,0.0667,1.0,
org.thymeleaf.expression.Objects,5.0,1.0,0.0,4.0,19.0,10.0,5.0,6.0,32.0,98.0,0.0,0.48,0.0,0.0,,18.6,2.0,1.0,
org.thymeleaf.expression.Sets,7.0,1.0,0.0,2.0,14.0,21.0,7.0,3.0,23.0,31.0,0.0,0.4571,0.0,0.0,,3.4286,2.0,0.0,
org.thymeleaf.expression.Strings,133.0,1.0,0.0,3.0,188.0,8766.0,133.0,11.0,1149.0,3123.0,0.0,0.2807,0.0,0.0,,22.4737,0.9091,2.0,
org.thymeleaf.expression.Temporals,83.0,1.0,0.0,7.0,172.0,1987.0,83.0,13.0,265.0,575.0,5.0,0.2436,0.0,0.0,,5.8675,0.7902,0.0,
org.thymeleaf.expression.Uris,17.0,1.0,0.0,2.0,34.0,136.0,17.0,2.0,53.0,76.0,0.0,0.9706,0.0,0.0,,3.4706,2.0,0.0,
org.thymeleaf.inline.IInliner,4.0,1.0,0.0,24.0,4.0,6.0,4.0,6.0,6.0,4.0,0.0,0.5,0.0,0.0,,0.0,2.0,0.0,
org.thymeleaf.inline.NoOpInliner,6.0,1.0,0.0,13.0,7.0,15.0,5.0,6.0,18.0,23.0,1.0,0.44,0.0,0.2,,2.6667,1.0,0.0,
org.thymeleaf.linkbuilder.AbstractLinkBuilder,6.0,1.0,1.0,4.0,10.0,3.0,5.0,5.0,21.0,38.0,0.0,0.4667,0.0,0.2,,4.8333,0.7333,0.0,
org.thymeleaf.linkbuilder.ILinkBuilder,3.0,1.0,0.0,6.0,3.0,3.0,3.0,4.0,6.0,3.0,0.0,0.5,0.0,0.0,,0.0,2.0,0.0,
org.thymeleaf.linkbuilder.StandardLinkBuilder,12.0,2.0,0.0,11.0,56.0,66.0,12.0,20.0,250.0,782.0,0.0,0.2396,0.0,0.8333,,63.9167,1.0909,3.0,
org.thymeleaf.linkbuilder.StandardLinkBuilder$LinkType,5.0,2.0,0.0,2.0,8.0,6.0,,,,70.0,5.0,0.3333,1.0,,,12.0,0.75,,
org.thymeleaf.linkbuilder.StandardLinkBuilder.LinkType,,1.0,0.0,2.0,,,2.0,2.0,1.0,,,,,0.0,,,1.0,0.0,
org.thymeleaf.messageresolver.AbstractMessageResolver,6.0,1.0,1.0,4.0,10.0,3.0,5.0,5.0,21.0,38.0,0.0,0.4667,0.0,0.2,,4.8333,0.7333,0.0,
org.thymeleaf.messageresolver.IMessageResolver,4.0,1.0,0.0,6.0,4.0,6.0,4.0,4.0,8.0,4.0,0.0,0.6,0.0,0.0,,0.0,2.0,0.0,
org.thymeleaf.messageresolver.StandardMessageResolutionUtils,9.0,1.0,0.0,5.0,55.0,28.0,8.0,23.0,137.0,419.0,0.0,0.25,0.0,0.625,,45.2222,0.875,5.0,
org.thymeleaf.messageresolver.StandardMessageResolver,11.0,2.0,0.0,8.0,40.0,25.0,11.0,14.0,119.0,321.0,0.0,0.3434,0.0,0.2727,,27.9091,0.6667,5.0,
org.thymeleaf.model.AbstractModelVisitor,12.0,1.0,0.0,12.0,13.0,66.0,11.0,11.0,24.0,26.0,0.0,0.1597,0.0,0.0,,1.1667,2.0,0.0,
org.thymeleaf.model.AttributeValueQuotes,5.0,2.0,0.0,15.0,8.0,6.0,2.0,1.0,3.0,59.0,4.0,0.3333,1.0,0.0,,10.0,0.75,0.0,
org.thymeleaf.model.IAttribute,10.0,1.0,0.0,15.0,10.0,45.0,10.0,5.0,12.0,10.0,0.0,0.55,0.0,0.0,,0.0,2.0,0.0,
org.thymeleaf.model.ICDATASection,2.0,1.0,0.0,24.0,2.0,1.0,2.0,1.0,4.0,2.0,0.0,1.0,0.0,0.0,,0.0,2.0,0.0,
org.thymeleaf.model.ICloseElementTag,1.0,1.0,0.0,18.0,1.0,0.0,1.0,0.0,3.0,1.0,0.0,1.0,0.0,0.0,,0.0,2.0,0.0,
org.thymeleaf.model.IComment,2.0,1.0,0.0,25.0,2.0,1.0,2.0,1.0,4.0,2.0,0.0,1.0,0.0,0.0,,0.0,2.0,0.0,
org.thymeleaf.model.IDocType,7.0,1.0,0.0,20.0,7.0,21.0,7.0,1.0,9.0,7.0,0.0,1.0,0.0,0.0,,0.0,2.0,0.0,
org.thymeleaf.model.IElementTag,4.0,1.0,0.0,6.0,4.0,6.0,4.0,3.0,6.0,4.0,0.0,1.0,0.0,0.0,,0.0,2.0,0.0,
org.thymeleaf.model.IModel,14.0,1.0,0.0,33.0,14.0,91.0,14.0,6.0,15.0,14.0,0.0,0.3095,0.0,0.0,,0.0,2.0,0.0,
org.thymeleaf.model.IModelFactory,30.0,1.0,0.0,21.0,30.0,435.0,30.0,17.0,37.0,30.0,0.0,0.27,0.0,0.0,,0.0,2.0,0.0,
org.thymeleaf.model.IModelVisitor,11.0,1.0,0.0,27.0,11.0,55.0,11.0,11.0,13.0,11.0,0.0,0.1667,0.0,0.0,,0.0,2.0,0.0,
org.thymeleaf.model.IOpenElementTag,0.0,1.0,0.0,19.0,0.0,0.0,0.0,0.0,2.0,0.0,0.0,0.0,0.0,,,0.0,2.0,0.0,
org.thymeleaf.model.IProcessableElementTag,11.0,1.0,0.0,48.0,11.0,55.0,11.0,4.0,13.0,11.0,0.0,0.6061,0.0,0.0,,0.0,2.0,0.0,
org.thymeleaf.model.IProcessingInstruction,3.0,1.0,0.0,19.0,3.0,3.0,3.0,1.0,5.0,3.0,0.0,1.0,0.0,0.0,,0.0,2.0,0.0,
org.thymeleaf.model.IStandaloneElementTag,1.0,1.0,0.0,18.0,1.0,0.0,1.0,0.0,3.0,1.0,0.0,1.0,0.0,0.0,,0.0,2.0,0.0,
org.thymeleaf.model.ITemplateEnd,0.0,1.0,0.0,17.0,0.0,0.0,0.0,0.0,2.0,0.0,0.0,0.0,0.0,,,0.0,2.0,0.0,
org.thymeleaf.model.ITemplateEvent,6.0,1.0,0.0,24.0,6.0,15.0,6.0,4.0,8.0,6.0,0.0,0.4444,0.0,0.0,,0.0,2.0,0.0,
org.thymeleaf.model.ITemplateStart,0.0,1.0,0.0,16.0,0.0,0.0,0.0,0.0,2.0,0.0,0.0,0.0,0.0,,,0.0,2.0,0.0,
org.thymeleaf.model.IText,1.0,1.0,0.0,27.0,1.0,0.0,1.0,1.0,3.0,1.0,0.0,1.0,0.0,0.0,,0.0,2.0,0.0,
org.thymeleaf.model.IXMLDeclaration,5.0,1.0,0.0,19.0,5.0,10.0,5.0,1.0,7.0,5.0,0.0,1.0,0.0,0.0,,0.0,2.0,0.0,
org.thymeleaf.postprocessor.IPostProcessor,3.0,1.0,0.0,8.0,3.0,3.0,3.0,2.0,5.0,3.0,0.0,1.0,0.0,0.0,,0.0,2.0,0.0,
org.thymeleaf.postprocessor.PostProcessor,4.0,1.0,0.0,3.0,6.0,0.0,4.0,3.0,23.0,34.0,1.0,0.4375,0.0,0.0,,6.75,0.6667,0.0,
org.thymeleaf.preprocessor.IPreProcessor,3.0,1.0,0.0,8.0,3.0,3.0,3.0,2.0,5.0,3.0,0.0,1.0,0.0,0.0,,0.0,2.0,0.0,
org.thymeleaf.preprocessor.PreProcessor,4.0,1.0,0.0,3.0,6.0,0.0,4.0,3.0,23.0,34.0,1.0,0.4375,0.0,0.0,,6.75,0.6667,0.0,
org.thymeleaf.processor.AbstractProcessor,3.0,1.0,10.0,13.0,5.0,0.0,3.0,2.0,16.0,23.0,1.0,0.5556,0.0,0.0,,6.0,0.5,0.0,
org.thymeleaf.processor.IProcessor,2.0,1.0,0.0,23.0,2.0,1.0,2.0,1.0,4.0,2.0,0.0,1.0,0.0,0.0,,0.0,2.0,0.0,
org.thymeleaf.processor.cdatasection.AbstractCDATASectionProcessor,3.0,2.0,1.0,8.0,18.0,3.0,3.0,8.0,30.0,61.0,0.0,0.6111,0.0,0.3333,,19.3333,2.0,3.0,
org.thymeleaf.processor.cdatasection.ICDATASectionProcessor,1.0,1.0,0.0,10.0,1.0,0.0,1.0,3.0,5.0,1.0,0.0,1.0,0.0,0.0,,0.0,2.0,0.0,
org.thymeleaf.processor.cdatasection.ICDATASectionStructureHandler,4.0,1.0,0.0,7.0,4.0,6.0,4.0,2.0,6.0,4.0,0.0,0.4375,0.0,0.0,,0.0,2.0,0.0,
org.thymeleaf.processor.comment.AbstractCommentProcessor,3.0,2.0,2.0,9.0,18.0,3.0,3.0,8.0,30.0,61.0,0.0,0.6111,0.0,0.3333,,19.3333,2.0,3.0,
org.thymeleaf.processor.comment.ICommentProcessor,1.0,1.0,0.0,10.0,1.0,0.0,1.0,3.0,5.0,1.0,0.0,1.0,0.0,0.0,,0.0,2.0,0.0,
org.thymeleaf.processor.comment.ICommentStructureHandler,4.0,1.0,0.0,8.0,4.0,6.0,4.0,2.0,6.0,4.0,0.0,0.4375,0.0,0.0,,0.0,2.0,0.0,
org.thymeleaf.processor.doctype.AbstractDocTypeProcessor,3.0,2.0,1.0,8.0,18.0,3.0,3.0,8.0,30.0,61.0,0.0,0.6111,0.0,0.3333,,19.3333,2.0,3.0,
org.thymeleaf.processor.doctype.IDocTypeProcessor,1.0,1.0,0.0,10.0,1.0,0.0,1.0,3.0,5.0,1.0,0.0,1.0,0.0,0.0,,0.0,2.0,0.0,
org.thymeleaf.processor.doctype.IDocTypeStructureHandler,4.0,1.0,0.0,7.0,4.0,6.0,4.0,2.0,8.0,4.0,0.0,0.4375,0.0,0.0,,0.0,2.0,0.0,
org.thymeleaf.processor.element.AbstractAttributeModelProcessor,4.0,3.0,0.0,13.0,29.0,4.0,4.0,16.0,85.0,201.0,0.0,0.425,1.0,1.0,,49.0,0.6667,4.0,
org.thymeleaf.processor.element.AbstractAttributeTagProcessor,3.0,3.0,14.0,25.0,28.0,1.0,3.0,15.0,67.0,127.0,0.0,0.5556,1.0,1.0,,41.0,0.5,5.0,
org.thymeleaf.processor.element.AbstractElementModelProcessor,6.0,2.0,1.0,15.0,25.0,9.0,6.0,13.0,74.0,146.0,2.0,0.3333,0.0,0.3333,,22.8333,0.8,4.0,
org.thymeleaf.processor.element.AbstractElementTagProcessor,6.0,2.0,3.0,16.0,25.0,9.0,6.0,13.0,59.0,113.0,2.0,0.3333,0.0,0.3333,,17.3333,0.8,3.0,
org.thymeleaf.processor.element.IElementModelProcessor,1.0,1.0,0.0,9.0,1.0,0.0,1.0,3.0,5.0,1.0,0.0,1.0,0.0,0.0,,0.0,2.0,0.0,
org.thymeleaf.processor.element.IElementModelStructureHandler,6.0,1.0,0.0,8.0,6.0,15.0,6.0,3.0,8.0,6.0,0.0,0.4,0.0,0.0,,0.0,2.0,0.0,
org.thymeleaf.processor.element.IElementProcessor,2.0,1.0,0.0,18.0,2.0,1.0,2.0,2.0,4.0,2.0,0.0,1.0,0.0,0.0,,0.0,2.0,0.0,
org.thymeleaf.processor.element.IElementTagProcessor,1.0,1.0,0.0,10.0,1.0,0.0,1.0,3.0,5.0,1.0,0.0,1.0,0.0,0.0,,0.0,2.0,0.0,
org.thymeleaf.processor.element.IElementTagStructureHandler,24.0,1.0,0.0,37.0,24.0,276.0,24.0,7.0,26.0,24.0,0.0,0.225,0.0,0.0,,0.0,2.0,0.0,
org.thymeleaf.processor.element.MatchingAttributeName,10.0,1.0,0.0,18.0,23.0,17.0,10.0,11.0,84.0,229.0,2.0,0.34,0.0,0.1,,21.5,0.3611,2.0,
org.thymeleaf.processor.element.MatchingElementName,10.0,1.0,0.0,16.0,23.0,17.0,10.0,11.0,84.0,229.0,2.0,0.34,0.0,0.1,,21.5,0.3611,2.0,
org.thymeleaf.processor.processinginstruction.AbstractProcessingInstructionProcessor,3.0,2.0,0.0,7.0,18.0,3.0,3.0,8.0,30.0,61.0,0.0,0.6111,0.0,0.3333,,19.3333,2.0,3.0,
org.thymeleaf.processor.processinginstruction.IProcessingInstructionProcessor,1.0,1.0,0.0,10.0,1.0,0.0,1.0,3.0,5.0,1.0,0.0,1.0,0.0,0.0,,0.0,2.0,0.0,
org.thymeleaf.processor.processinginstruction.IProcessingInstructionStructureHandler,4.0,1.0,0.0,6.0,4.0,6.0,4.0,2.0,6.0,4.0,0.0,0.4375,0.0,0.0,,0.0,2.0,0.0,
org.thymeleaf.processor.templateboundaries.AbstractTemplateBoundariesProcessor,5.0,2.0,1.0,9.0,24.0,10.0,5.0,9.0,58.0,116.0,0.0,0.5429,0.0,0.0,,22.2,2.0,3.0,
org.thymeleaf.processor.templateboundaries.ITemplateBoundariesProcessor,2.0,1.0,0.0,10.0,2.0,1.0,2.0,4.0,8.0,2.0,0.0,0.8,0.0,0.0,,0.0,2.0,0.0,
org.thymeleaf.processor.templateboundaries.ITemplateBoundariesStructureHandler,7.0,1.0,0.0,8.0,7.0,21.0,7.0,3.0,9.0,7.0,0.0,0.381,0.0,0.0,,0.0,2.0,0.0,
org.thymeleaf.processor.text.AbstractTextProcessor,3.0,2.0,1.0,8.0,18.0,3.0,3.0,8.0,30.0,61.0,0.0,0.6111,0.0,0.3333,,19.3333,2.0,3.0,
org.thymeleaf.processor.text.ITextProcessor,1.0,1.0,0.0,10.0,1.0,0.0,1.0,3.0,5.0,1.0,0.0,1.0,0.0,0.0,,0.0,2.0,0.0,
org.thymeleaf.processor.text.ITextStructureHandler,4.0,1.0,0.0,7.0,4.0,6.0,4.0,2.0,6.0,4.0,0.0,0.4375,0.0,0.0,,0.0,2.0,0.0,
org.thymeleaf.processor.xmldeclaration.AbstractXMLDeclarationProcessor,3.0,2.0,0.0,7.0,18.0,3.0,3.0,8.0,30.0,61.0,0.0,0.6111,0.0,0.3333,,19.3333,2.0,3.0,
org.thymeleaf.processor.xmldeclaration.IXMLDeclarationProcessor,1.0,1.0,0.0,10.0,1.0,0.0,1.0,3.0,5.0,1.0,0.0,1.0,0.0,0.0,,0.0,2.0,0.0,
org.thymeleaf.processor.xmldeclaration.IXMLDeclarationStructureHandler,4.0,1.0,0.0,6.0,4.0,6.0,4.0,2.0,7.0,4.0,0.0,0.4375,0.0,0.0,,0.0,2.0,0.0,
org.thymeleaf.standard.StandardDialect,16.0,3.0,0.0,66.0,75.0,64.0,16.0,70.0,231.0,1271.0,6.0,0.1875,0.0,0.0625,,77.875,0.8593,1.0,
org.thymeleaf.standard.expression.AbstractStandardConversionService,4.0,1.0,1.0,4.0,13.0,6.0,4.0,5.0,30.0,54.0,0.0,0.75,0.0,0.75,,12.5,2.0,2.0,
org.thymeleaf.standard.expression.AdditionExpression,4.0,5.0,0.0,14.0,24.0,4.0,3.0,13.0,48.0,108.0,0.0,0.4,2.0,0.0,,25.5,1.0,2.0,
org.thymeleaf.standard.expression.AdditionSubtractionExpression,5.0,4.0,2.0,9.0,9.0,8.0,4.0,12.0,35.0,118.0,0.0,0.375,0.0,0.25,,21.0,0.9375,0.0,
org.thymeleaf.standard.expression.AndExpression,7.0,4.0,0.0,13.0,21.0,17.0,6.0,17.0,53.0,143.0,0.0,0.2381,2.0,0.0,,18.2857,0.9167,1.0,
org.thymeleaf.standard.expression.Assignation,5.0,1.0,0.0,8.0,12.0,0.0,5.0,6.0,36.0,74.0,2.0,0.6,0.0,0.0,,13.2,0.5833,2.0,
org.thymeleaf.standard.expression.AssignationSequence,6.0,1.0,0.0,8.0,17.0,0.0,6.0,7.0,34.0,73.0,0.0,0.5833,0.0,0.0,,10.8333,0.6,2.0,
org.thymeleaf.standard.expression.AssignationUtils,5.0,1.0,0.0,19.0,35.0,10.0,5.0,16.0,127.0,321.0,0.0,0.4,0.0,0.4,,63.2,2.0,2.0,
org.thymeleaf.standard.expression.BinaryOperationExpression,6.0,3.0,6.0,15.0,29.0,5.0,6.0,17.0,126.0,345.0,2.0,0.2833,0.0,0.6667,,56.0,0.8,4.0,
org.thymeleaf.standard.expression.BooleanTokenExpression,5.0,4.0,0.0,10.0,14.0,8.0,4.0,8.0,25.0,47.0,0.0,0.3333,0.0,0.0,,8.0,1.0,1.0,
org.thymeleaf.standard.expression.ComplexExpression,2.0,2.0,5.0,24.0,26.0,1.0,2.0,21.0,62.0,173.0,0.0,0.5,0.0,0.5,,85.0,2.0,1.0,
org.thymeleaf.standard.expression.ConditionalExpression,8.0,3.0,0.0,14.0,30.0,12.0,7.0,17.0,124.0,306.0,3.0,0.2245,1.0,0.0,,36.25,0.8214,2.0,
org.thymeleaf.standard.expression.DefaultExpression,7.0,3.0,0.0,12.0,29.0,9.0,6.0,15.0,83.0,201.0,2.0,0.2381,1.0,0.0,,26.8571,0.8056,1.0,
org.thymeleaf.standard.expression.DivisionExpression,4.0,5.0,0.0,11.0,24.0,4.0,3.0,15.0,40.0,95.0,0.0,0.4,2.0,0.0,,22.25,1.0,2.0,
org.thymeleaf.standard.expression.Each,7.0,1.0,0.0,6.0,14.0,1.0,7.0,5.0,41.0,81.0,3.0,0.5714,0.0,0.0,,10.0,0.625,1.0,
org.thymeleaf.standard.expression.EachUtils,4.0,1.0,0.0,15.0,28.0,6.0,4.0,14.0,95.0,214.0,0.0,0.3,0.0,0.5,,52.0,1.3333,2.0,
org.thymeleaf.standard.expression.EqualsExpression,4.0,5.0,0.0,11.0,22.0,4.0,3.0,15.0,48.0,142.0,0.0,0.4,2.0,0.0,,34.0,1.0,2.0,
org.thymeleaf.standard.expression.EqualsNotEqualsExpression,5.0,4.0,2.0,6.0,9.0,8.0,4.0,9.0,38.0,131.0,0.0,0.375,0.0,0.5,,23.0,1.0227,0.0,
org.thymeleaf.standard.expression.Expression,7.0,1.0,2.0,28.0,25.0,21.0,7.0,16.0,51.0,98.0,0.0,0.3095,0.0,0.1429,,12.4286,1.1667,1.0,
org.thymeleaf.standard.expression.ExpressionCache,14.0,1.0,0.0,15.0,21.0,91.0,14.0,10.0,68.0,139.0,0.0,0.2619,0.0,0.0714,,8.5714,1.0769,2.0,
org.thymeleaf.standard.expression.ExpressionParsingNode,9.0,1.0,0.0,13.0,15.0,0.0,9.0,5.0,37.0,91.0,1.0,0.4074,0.0,0.0,,8.8889,0.375,0.0,
org.thymeleaf.standard.expression.ExpressionParsingState,11.0,4.0,0.0,18.0,22.0,55.0,11.0,4.0,42.0,119.0,0.0,0.5227,0.0,0.0,,9.7273,1.1,0.0,
org.thymeleaf.standard.expression.ExpressionParsingUtil,14.0,1.0,0.0,33.0,79.0,89.0,13.0,38.0,359.0,897.0,0.0,0.2692,0.0,0.5385,,63.0,0.8462,3.0,
org.thymeleaf.standard.expression.ExpressionSequence,6.0,1.0,0.0,7.0,17.0,0.0,6.0,7.0,34.0,73.0,0.0,0.5833,0.0,0.0,,10.8333,0.6,2.0,
org.thymeleaf.standard.expression.ExpressionSequenceUtils,4.0,1.0,0.0,16.0,28.0,6.0,4.0,16.0,67.0,167.0,0.0,0.3,0.0,0.5,,40.75,2.0,2.0,
org.thymeleaf.standard.expression.Fragment,8.0,1.0,0.0,10.0,16.0,8.0,7.0,10.0,45.0,95.0,2.0,0.3143,0.0,0.1429,,10.375,0.6071,1.0,
org.thymeleaf.standard.expression.FragmentExpression,22.0,3.0,0.0,33.0,94.0,167.0,21.0,36.0,395.0,880.0,4.0,0.1429,1.0,0.2857,,38.4545,0.877,4.0,
org.thymeleaf.standard.expression.FragmentExpression$ExecutedFragmentExpression,12.0,1.0,0.0,5.0,13.0,36.0,,,,76.0,2.0,0.2273,0.0,,,4.8333,0.7727,,
org.thymeleaf.standard.expression.FragmentExpression.ExecutedFragmentExpression,,1.0,0.0,2.0,,67.0,6.0,2.0,35.0,,,,,0.0,,,44.0,0.0,
org.thymeleaf.standard.expression.FragmentSignature,6.0,1.0,0.0,6.0,14.0,0.0,6.0,5.0,35.0,72.0,0.0,0.4444,0.0,0.0,,10.1667,0.84,1.0,
org.thymeleaf.standard.expression.FragmentSignatureUtils,5.0,1.0,0.0,8.0,35.0,10.0,5.0,12.0,113.0,325.0,0.0,0.2286,0.0,0.2,,63.6,1.25,3.0,
org.thymeleaf.standard.expression.GenericTokenExpression,5.0,4.0,0.0,10.0,14.0,8.0,4.0,8.0,32.0,55.0,0.0,0.35,1.0,0.0,,9.6,1.0,2.0,
org.thymeleaf.standard.expression.GreaterLesserExpression,5.0,4.0,4.0,11.0,9.0,8.0,4.0,14.0,46.0,196.0,0.0,0.375,0.0,0.5,,35.4,1.0714,0.0,
org.thymeleaf.standard.expression.GreaterOrEqualToExpression,4.0,5.0,0.0,11.0,26.0,4.0,3.0,15.0,42.0,140.0,0.0,0.4,2.0,0.0,,33.5,1.0,2.0,
org.thymeleaf.standard.expression.GreaterThanExpression,4.0,5.0,0.0,11.0,27.0,4.0,3.0,15.0,49.0,173.0,0.0,0.4,2.0,0.0,,41.75,1.0,2.0,
org.thymeleaf.standard.expression.IStandardConversionService,1.0,1.0,0.0,6.0,1.0,0.0,1.0,2.0,4.0,1.0,0.0,1.0,0.0,0.0,,0.0,2.0,0.0,
org.thymeleaf.standard.expression.IStandardExpression,3.0,1.0,0.0,50.0,3.0,3.0,3.0,3.0,8.0,3.0,0.0,0.6667,0.0,0.0,,0.0,2.0,0.0,
org.thymeleaf.standard.expression.IStandardExpressionParser,1.0,1.0,0.0,16.0,1.0,0.0,1.0,3.0,4.0,1.0,0.0,1.0,0.0,0.0,,0.0,2.0,0.0,
org.thymeleaf.standard.expression.IStandardVariableExpression,2.0,1.0,0.0,4.0,2.0,1.0,2.0,1.0,4.0,2.0,0.0,1.0,0.0,0.0,,0.0,2.0,0.0,
org.thymeleaf.standard.expression.IStandardVariableExpressionEvaluator,1.0,1.0,0.0,11.0,1.0,0.0,1.0,3.0,6.0,1.0,0.0,1.0,0.0,0.0,,0.0,2.0,0.0,
org.thymeleaf.standard.expression.LessOrEqualToExpression,4.0,5.0,0.0,11.0,27.0,4.0,3.0,15.0,49.0,173.0,0.0,0.4,2.0,0.0,,41.75,1.0,2.0,
org.thymeleaf.standard.expression.LessThanExpression,4.0,5.0,0.0,11.0,27.0,4.0,3.0,15.0,49.0,173.0,0.0,0.4,2.0,0.0,,41.75,1.0,2.0,
org.thymeleaf.standard.expression.LinkExpression,12.0,3.0,0.0,18.0,80.0,46.0,11.0,36.0,257.0,800.0,2.0,0.1818,1.0,0.3636,,65.0,0.8977,6.0,
org.thymeleaf.standard.expression.LiteralSubstitutionUtil,2.0,1.0,0.0,2.0,11.0,1.0,2.0,8.0,116.0,318.0,0.0,0.5,0.0,0.5,,157.5,2.0,4.0,
org.thymeleaf.standard.expression.LiteralValue,3.0,1.0,0.0,18.0,4.0,1.0,3.0,1.0,20.0,27.0,0.0,0.4444,0.0,0.0,,7.3333,0.75,1.0,
org.thymeleaf.standard.expression.MessageExpression,9.0,3.0,0.0,17.0,47.0,16.0,8.0,20.0,144.0,362.0,2.0,0.2143,1.0,0.125,,38.2222,0.8889,5.0,
org.thymeleaf.standard.expression.MinusExpression,6.0,3.0,0.0,15.0,32.0,7.0,5.0,19.0,68.0,163.0,1.0,0.2571,1.0,0.0,,25.3333,0.88,1.0,
org.thymeleaf.standard.expression.MultiplicationDivisionRemainderExpression,5.0,4.0,3.0,10.0,9.0,8.0,4.0,13.0,44.0,157.0,0.0,0.375,0.0,0.25,,28.2,1.0227,0.0,
org.thymeleaf.standard.expression.MultiplicationExpression,4.0,5.0,0.0,11.0,21.0,4.0,3.0,12.0,33.0,82.0,0.0,0.4,2.0,0.0,,19.0,1.0,1.0,
org.thymeleaf.standard.expression.NegationExpression,6.0,3.0,0.0,13.0,29.0,7.0,5.0,17.0,69.0,163.0,1.0,0.2571,1.0,0.0,,25.1667,0.9333,2.0,
org.thymeleaf.standard.expression.NoOpToken,3.0,1.0,0.0,7.0,4.0,3.0,2.0,1.0,10.0,15.0,1.0,1.0,0.0,0.5,,3.3333,1.25,0.0,
org.thymeleaf.standard.expression.NoOpTokenExpression,5.0,4.0,0.0,9.0,12.0,6.0,4.0,9.0,27.0,46.0,1.0,0.3,2.0,0.0,,7.6,0.9167,1.0,
org.thymeleaf.standard.expression.NotEqualsExpression,4.0,5.0,0.0,10.0,22.0,4.0,3.0,15.0,48.0,146.0,0.0,0.4,2.0,0.0,,35.0,1.0,2.0,
org.thymeleaf.standard.expression.NullTokenExpression,5.0,4.0,0.0,8.0,12.0,6.0,4.0,8.0,27.0,42.0,1.0,0.3,2.0,0.0,,6.8,0.9167,1.0,
org.thymeleaf.standard.expression.NumberTokenExpression,6.0,4.0,0.0,12.0,21.0,13.0,5.0,13.0,58.0,102.0,0.0,0.32,2.0,0.0,,15.5,1.0667,3.0,
org.thymeleaf.standard.expression.OGNLContextPropertyAccessor,6.0,1.0,0.0,8.0,25.0,15.0,5.0,11.0,38.0,128.0,0.0,0.65,0.0,0.0,,19.8333,1.1333,1.0,
org.thymeleaf.standard.expression.OGNLExpressionObjectsWrapper,21.0,3.0,0.0,3.0,51.0,148.0,19.0,14.0,111.0,259.0,1.0,0.3,3.0,0.0526,,11.2381,0.725,3.0,
org.thymeleaf.standard.expression.OGNLShortcutExpression,14.0,1.0,0.0,12.0,62.0,87.0,13.0,39.0,212.0,577.0,0.0,0.1868,0.0,0.3846,,39.9286,0.8654,5.0,
org.thymeleaf.standard.expression.OGNLShortcutExpression$OGNLShortcutExpressionNotApplicableException,1.0,4.0,0.0,2.0,2.0,0.0,,,,4.0,0.0,1.0,0.0,,,3.0,2.0,,
org.thymeleaf.standard.expression.OGNLShortcutExpression.OGNLShortcutExpressionNotApplicableException,,1.0,0.0,0.0,,0.0,1.0,0.0,5.0,,,,,0.0,,,7.0,0.0,
org.thymeleaf.standard.expression.OGNLVariableExpressionEvaluator,12.0,1.0,0.0,35.0,64.0,60.0,11.0,35.0,263.0,444.0,1.0,0.2636,0.0,0.7273,,35.5,0.8788,3.0,
org.thymeleaf.standard.expression.OGNLVariableExpressionEvaluator$ComputedOGNLExpression,1.0,1.0,0.0,1.0,2.0,0.0,,,,12.0,0.0,1.0,0.0,,,9.0,2.0,,
org.thymeleaf.standard.expression.OGNLVariableExpressionEvaluator$ThymeleafACLClassResolver,2.0,1.0,0.0,5.0,8.0,0.0,,,,32.0,0.0,0.6667,0.0,,,14.5,0.0,,
org.thymeleaf.standard.expression.OGNLVariableExpressionEvaluator$ThymeleafACLMemberAccess,2.0,2.0,0.0,4.0,10.0,1.0,,,,41.0,0.0,0.6,0.0,,,19.5,2.0,,
org.thymeleaf.standard.expression.OGNLVariableExpressionEvaluator$ThymeleafDefaultClassResolver,3.0,1.0,0.0,2.0,8.0,1.0,,,,42.0,0.0,0.6667,0.0,,,12.6667,0.5,,
org.thymeleaf.standard.expression.OGNLVariableExpressionEvaluator.ComputedOGNLExpression,,1.0,0.0,0.0,,0.0,1.0,0.0,9.0,,,,,0.0,,,13.0,0.0,
org.thymeleaf.standard.expression.OGNLVariableExpressionEvaluator.ThymeleafACLClassResolver,,1.0,0.0,8.0,,0.0,2.0,8.0,16.0,,,,,0.0,,,21.0,1.0,
org.thymeleaf.standard.expression.OGNLVariableExpressionEvaluator.ThymeleafACLMemberAccess,,2.0,0.0,8.0,,0.0,2.0,8.0,21.0,,,,,0.0,,,23.0,2.0,
org.thymeleaf.standard.expression.OGNLVariableExpressionEvaluator.ThymeleafDefaultClassResolver,,1.0,0.0,5.0,,67.0,3.0,5.0,22.0,,,,,0.3333,,,27.0,1.0,
org.thymeleaf.standard.expression.OrExpression,7.0,4.0,0.0,13.0,21.0,17.0,6.0,17.0,53.0,143.0,0.0,0.2381,2.0,0.0,,18.2857,0.9167,1.0,
org.thymeleaf.standard.expression.RemainderExpression,4.0,5.0,0.0,11.0,21.0,4.0,3.0,12.0,33.0,82.0,0.0,0.4,2.0,0.0,,19.0,1.0,1.0,
org.thymeleaf.standard.expression.SelectionVariableExpression,11.0,3.0,0.0,12.0,33.0,35.0,10.0,15.0,82.0,186.0,0.0,0.2125,1.0,0.0,,15.2727,0.8,1.0,
org.thymeleaf.standard.expression.SimpleExpression,2.0,2.0,7.0,19.0,20.0,1.0,2.0,16.0,46.0,121.0,0.0,0.5,0.0,0.5,,58.0,2.0,1.0,
org.thymeleaf.standard.expression.StandardConversionService,1.0,2.0,0.0,2.0,2.0,0.0,1.0,0.0,5.0,4.0,0.0,1.0,0.0,0.0,,3.0,2.0,0.0,
org.thymeleaf.standard.expression.StandardExpressionExecutionContext,8.0,1.0,0.0,41.0,9.0,14.0,7.0,0.0,73.0,156.0,6.0,0.5714,0.0,0.1429,,17.25,0.6,1.0,
org.thymeleaf.standard.expression.StandardExpressionObjectFactory,5.0,1.0,0.0,21.0,32.0,6.0,4.0,26.0,175.0,438.0,8.0,0.5833,0.0,0.0,,79.4,1.125,3.0,
org.thymeleaf.standard.expression.StandardExpressionParser,9.0,1.0,0.0,18.0,24.0,36.0,8.0,18.0,60.0,117.0,0.0,0.5333,0.0,0.0,,12.0,2.0,1.0,
org.thymeleaf.standard.expression.StandardExpressionPreprocessor,4.0,1.0,0.0,10.0,28.0,4.0,3.0,11.0,88.0,251.0,0.0,0.4444,0.0,0.6667,,61.0,1.1111,3.0,
org.thymeleaf.standard.expression.StandardExpressions,4.0,1.0,0.0,20.0,12.0,6.0,4.0,8.0,50.0,106.0,0.0,0.5,0.0,0.25,,24.75,1.3333,1.0,
org.thymeleaf.standard.expression.SubtractionExpression,4.0,5.0,0.0,11.0,21.0,4.0,3.0,12.0,33.0,82.0,0.0,0.4,2.0,0.0,,19.0,1.0,1.0,
org.thymeleaf.standard.expression.TextLiteralExpression,10.0,3.0,0.0,14.0,29.0,37.0,9.0,11.0,118.0,310.0,1.0,0.2407,1.0,0.2222,,29.5,0.9556,4.0,
org.thymeleaf.standard.expression.Token,5.0,3.0,5.0,13.0,9.0,4.0,5.0,2.0,129.0,323.0,0.0,0.35,1.0,0.2,,63.2,0.75,4.0,
org.thymeleaf.standard.expression.Token$TokenParsingTracer,2.0,1.0,0.0,1.0,9.0,1.0,,,,41.0,0.0,0.5,0.0,,,19.0,2.0,,
org.thymeleaf.standard.expression.Token.TokenParsingTracer,,1.0,0.0,3.0,,0.0,2.0,3.0,18.0,,,,,0.5,,,27.0,2.0,
org.thymeleaf.standard.expression.VariableExpression,11.0,3.0,0.0,14.0,33.0,35.0,10.0,15.0,83.0,190.0,1.0,0.2125,1.0,0.0,,15.5455,0.7875,1.0,
org.thymeleaf.standard.inline.AbstractStandardInliner,14.0,1.0,5.0,25.0,66.0,49.0,14.0,26.0,251.0,740.0,1.0,0.2009,0.0,0.7143,,51.7143,0.6923,3.0,
org.thymeleaf.standard.inline.IInlinePreProcessorHandler,12.0,1.0,0.0,5.0,12.0,66.0,12.0,0.0,57.0,12.0,0.0,0.7917,0.0,0.0,,0.0,2.0,0.0,
org.thymeleaf.standard.inline.OutputExpressionInlinePreProcessorHandler,24.0,1.0,0.0,13.0,62.0,60.0,24.0,18.0,351.0,1043.0,2.0,0.2875,0.0,0.4583,,41.9583,0.8043,3.0,
org.thymeleaf.standard.inline.OutputExpressionInlinePreProcessorHandler$1,1.0,1.0,0.0,2.0,3.0,0.0,,,,49.0,0.0,0.0,0.0,,,47.0,2.0,,
org.thymeleaf.standard.inline.StandardCSSInliner,2.0,2.0,0.0,9.0,8.0,0.0,2.0,8.0,13.0,34.0,1.0,0.6667,1.0,0.5,,15.5,0.0,0.0,
org.thymeleaf.standard.inline.StandardHTMLInliner,2.0,2.0,0.0,6.0,5.0,1.0,2.0,5.0,12.0,15.0,0.0,0.6667,1.0,0.5,,6.5,2.0,1.0,
org.thymeleaf.standard.inline.StandardInlineMode,6.0,2.0,0.0,12.0,17.0,7.0,3.0,5.0,28.0,156.0,7.0,0.3333,1.0,0.0,,23.6667,0.675,1.0,
org.thymeleaf.standard.inline.StandardJavaScriptInliner,2.0,2.0,0.0,9.0,8.0,0.0,2.0,8.0,13.0,34.0,1.0,0.6667,1.0,0.5,,15.5,0.0,0.0,
org.thymeleaf.standard.inline.StandardTextInliner,2.0,2.0,0.0,8.0,5.0,1.0,2.0,5.0,12.0,15.0,0.0,0.6667,1.0,0.5,,6.5,2.0,1.0,
org.thymeleaf.standard.inline.StandardXMLInliner,2.0,2.0,0.0,6.0,5.0,1.0,2.0,5.0,12.0,15.0,0.0,0.6667,1.0,0.5,,6.5,2.0,1.0,
org.thymeleaf.standard.processor.AbstractStandardAssertionTagProcessor,2.0,4.0,1.0,15.0,17.0,1.0,2.0,16.0,28.0,61.0,0.0,0.625,1.0,1.0,,29.5,2.0,2.0,
org.thymeleaf.standard.processor.AbstractStandardAttributeModifierTagProcessor,8.0,5.0,10.0,23.0,20.0,8.0,8.0,13.0,77.0,145.0,1.0,0.4271,1.0,0.875,,16.75,0.3333,1.0,
org.thymeleaf.standard.processor.AbstractStandardConditionalVisibilityTagProcessor,3.0,4.0,3.0,9.0,5.0,3.0,3.0,7.0,22.0,26.0,0.0,0.625,1.0,1.0,,7.6667,2.0,1.0,
org.thymeleaf.standard.processor.AbstractStandardDoubleAttributeModifierTagProcessor,3.0,5.0,2.0,14.0,13.0,0.0,3.0,12.0,43.0,96.0,2.0,0.4242,1.0,0.6667,,29.3333,0.3,1.0,
org.thymeleaf.standard.processor.AbstractStandardExpressionAttributeTagProcessor,5.0,4.0,7.0,21.0,11.0,8.0,5.0,13.0,63.0,102.0,1.0,0.5273,1.0,1.0,,19.0,0.25,2.0,
org.thymeleaf.standard.processor.AbstractStandardFragmentInsertionTagProcessor,6.0,4.0,3.0,38.0,84.0,11.0,5.0,41.0,244.0,694.0,0.0,0.4444,1.0,0.6,,113.8333,0.84,4.0,
org.thymeleaf.standard.processor.AbstractStandardMultipleAttributeModifierTagProcessor,3.0,4.0,3.0,23.0,28.0,1.0,3.0,21.0,88.0,254.0,1.0,0.5667,1.0,1.0,,83.0,0.0,5.0,
org.thymeleaf.standard.processor.AbstractStandardMultipleAttributeModifierTagProcessor$ModificationType,5.0,2.0,0.0,5.0,8.0,6.0,,,,81.0,6.0,0.3333,1.0,,,14.0,0.75,,
org.thymeleaf.standard.processor.AbstractStandardMultipleAttributeModifierTagProcessor.ModificationType,,1.0,0.0,1.0,,,2.0,1.0,1.0,,,,,0.0,,,1.0,0.0,
org.thymeleaf.standard.processor.AbstractStandardTargetSelectionTagProcessor,4.0,4.0,1.0,12.0,18.0,6.0,4.0,13.0,39.0,74.0,0.0,0.6111,1.0,1.0,,17.5,2.0,2.0,
org.thymeleaf.standard.processor.AbstractStandardTextInlineSettingTagProcessor,3.0,4.0,3.0,11.0,6.0,3.0,3.0,9.0,16.0,24.0,0.0,0.4815,1.0,1.0,,7.0,2.0,0.0,
org.thymeleaf.standard.processor.StandardActionTagProcessor,1.0,6.0,0.0,3.0,2.0,0.0,1.0,2.0,7.0,12.0,0.0,1.0,0.0,0.0,,9.0,2.0,0.0,
org.thymeleaf.standard.processor.StandardAltTitleTagProcessor,1.0,6.0,0.0,3.0,2.0,0.0,1.0,2.0,9.0,15.0,0.0,1.0,0.0,0.0,,10.0,2.0,0.0,
org.thymeleaf.standard.processor.StandardAssertTagProcessor,1.0,5.0,0.0,3.0,2.0,0.0,1.0,2.0,7.0,10.0,0.0,1.0,0.0,0.0,,7.0,2.0,0.0,
org.thymeleaf.standard.processor.StandardAttrTagProcessor,1.0,5.0,0.0,4.0,2.0,0.0,1.0,3.0,7.0,12.0,0.0,1.0,0.0,0.0,,9.0,2.0,0.0,
org.thymeleaf.standard.processor.StandardAttrappendTagProcessor,1.0,5.0,0.0,4.0,2.0,0.0,1.0,3.0,7.0,12.0,0.0,1.0,0.0,0.0,,9.0,2.0,0.0,
org.thymeleaf.standard.processor.StandardAttrprependTagProcessor,1.0,5.0,0.0,4.0,2.0,0.0,1.0,3.0,7.0,12.0,0.0,1.0,0.0,0.0,,9.0,2.0,0.0,
org.thymeleaf.standard.processor.StandardBlockTagProcessor,2.0,3.0,0.0,6.0,4.0,1.0,2.0,6.0,13.0,21.0,0.0,0.5833,1.0,0.5,,8.5,2.0,0.0,
org.thymeleaf.standard.processor.StandardCaseTagProcessor,2.0,5.0,0.0,20.0,29.0,0.0,2.0,23.0,46.0,161.0,0.0,0.6667,2.0,0.5,,77.5,1.5,2.0,
org.thymeleaf.standard.processor.StandardClassappendTagProcessor,4.0,5.0,0.0,13.0,19.0,0.0,3.0,12.0,36.0,79.0,2.0,0.4583,1.0,0.3333,,17.5,1.0,3.0,
org.thymeleaf.standard.processor.StandardConditionalCommentProcessor,2.0,3.0,0.0,13.0,24.0,1.0,2.0,14.0,35.0,84.0,0.0,0.625,1.0,0.5,,40.5,2.0,1.0,
org.thymeleaf.standard.processor.StandardConditionalFixedValueTagProcessor,4.0,5.0,0.0,14.0,11.0,0.0,3.0,12.0,37.0,152.0,2.0,0.4583,1.0,0.3333,,35.75,0.7333,1.0,
org.thymeleaf.standard.processor.StandardDOMEventAttributeTagProcessor,5.0,4.0,0.0,25.0,26.0,4.0,4.0,24.0,141.0,423.0,1.0,0.5313,1.0,0.5,,82.8,0.75,2.0,
org.thymeleaf.standard.processor.StandardDefaultAttributesTagProcessor,5.0,2.0,0.0,25.0,46.0,6.0,5.0,25.0,91.0,220.0,1.0,0.4,0.0,0.2,,42.4,0.9167,3.0,
org.thymeleaf.standard.processor.StandardEachTagProcessor,2.0,4.0,0.0,13.0,16.0,1.0,2.0,12.0,37.0,101.0,0.0,0.6429,1.0,0.5,,48.5,2.0,1.0,
org.thymeleaf.standard.processor.StandardFragmentTagProcessor,2.0,3.0,0.0,8.0,6.0,1.0,2.0,8.0,15.0,22.0,0.0,0.5833,1.0,0.5,,9.0,2.0,0.0,
org.thymeleaf.standard.processor.StandardHrefTagProcessor,1.0,6.0,0.0,3.0,2.0,0.0,1.0,2.0,7.0,12.0,0.0,1.0,0.0,0.0,,9.0,2.0,0.0,
org.thymeleaf.standard.processor.StandardIfTagProcessor,2.0,5.0,0.0,12.0,8.0,1.0,2.0,11.0,18.0,27.0,0.0,0.6667,1.0,0.5,,11.5,2.0,0.0,
org.thymeleaf.standard.processor.StandardIncludeTagProcessor,3.0,5.0,0.0,15.0,19.0,1.0,2.0,19.0,27.0,78.0,0.0,0.6429,1.0,0.5,,24.0,1.1667,1.0,
org.thymeleaf.standard.processor.StandardInlineEnablementTemplateBoundariesProcessor,3.0,3.0,0.0,16.0,18.0,3.0,3.0,13.0,39.0,76.0,0.0,0.5556,1.0,0.0,,24.0,1.5,1.0,
org.thymeleaf.standard.processor.StandardInlineEnablementTemplateBoundariesProcessor$1,1.0,1.0,0.0,2.0,3.0,0.0,,,,49.0,0.0,0.0,0.0,,,47.0,2.0,,
org.thymeleaf.standard.processor.StandardInlineHTMLTagProcessor,2.0,5.0,0.0,14.0,15.0,1.0,2.0,13.0,29.0,81.0,0.0,0.625,1.0,0.5,,38.5,2.0,1.0,
org.thymeleaf.standard.processor.StandardInlineHTMLTagProcessor$1,1.0,1.0,0.0,2.0,3.0,0.0,,,,42.0,0.0,0.0,0.0,,,40.0,2.0,,
org.thymeleaf.standard.processor.StandardInlineTextualTagProcessor,2.0,5.0,0.0,14.0,16.0,1.0,2.0,13.0,35.0,80.0,0.0,0.6,1.0,0.5,,38.0,2.0,2.0,
org.thymeleaf.standard.processor.StandardInlineTextualTagProcessor$1,1.0,1.0,0.0,2.0,3.0,0.0,,,,35.0,0.0,0.0,0.0,,,33.0,2.0,,
org.thymeleaf.standard.processor.StandardInlineXMLTagProcessor,2.0,5.0,0.0,12.0,13.0,1.0,2.0,11.0,24.0,61.0,0.0,0.625,1.0,0.5,,28.5,2.0,1.0,
org.thymeleaf.standard.processor.StandardInlineXMLTagProcessor$1,1.0,1.0,0.0,2.0,3.0,0.0,,,,28.0,0.0,0.0,0.0,,,26.0,2.0,,
org.thymeleaf.standard.processor.StandardInliningCDATASectionProcessor,2.0,3.0,0.0,8.0,6.0,1.0,2.0,8.0,19.0,31.0,0.0,0.6,1.0,0.5,,14.0,2.0,1.0,
org.thymeleaf.standard.processor.StandardInliningCommentProcessor,2.0,3.0,0.0,8.0,6.0,1.0,2.0,8.0,19.0,31.0,0.0,0.6,1.0,0.5,,14.0,2.0,1.0,
org.thymeleaf.standard.processor.StandardInliningTextProcessor,2.0,3.0,0.0,9.0,7.0,1.0,2.0,9.0,22.0,35.0,0.0,0.6,1.0,0.5,,16.0,2.0,1.0,
org.thymeleaf.standard.processor.StandardInsertTagProcessor,1.0,5.0,0.0,3.0,2.0,0.0,1.0,2.0,7.0,11.0,0.0,1.0,0.0,0.0,,8.0,2.0,0.0,
org.thymeleaf.standard.processor.StandardLangXmlLangTagProcessor,1.0,6.0,0.0,3.0,2.0,0.0,1.0,2.0,9.0,15.0,0.0,1.0,0.0,0.0,,10.0,2.0,0.0,
org.thymeleaf.standard.processor.StandardMethodTagProcessor,1.0,6.0,0.0,3.0,2.0,0.0,1.0,2.0,7.0,12.0,0.0,1.0,0.0,0.0,,9.0,2.0,0.0,
org.thymeleaf.standard.processor.StandardNonRemovableAttributeTagProcessor,2.0,6.0,0.0,3.0,3.0,1.0,1.0,2.0,11.0,25.0,0.0,1.0,0.0,0.0,,10.5,1.5,0.0,
org.thymeleaf.standard.processor.StandardObjectTagProcessor,1.0,5.0,0.0,3.0,2.0,0.0,1.0,2.0,7.0,10.0,0.0,1.0,0.0,0.0,,7.0,2.0,0.0,
org.thymeleaf.standard.processor.StandardRefAttributeTagProcessor,2.0,4.0,0.0,7.0,3.0,1.0,2.0,7.0,14.0,16.0,0.0,0.6429,1.0,0.5,,6.0,2.0,0.0,
org.thymeleaf.standard.processor.StandardRemovableAttributeTagProcessor,2.0,6.0,0.0,3.0,3.0,1.0,1.0,2.0,106.0,409.0,0.0,1.0,0.0,0.0,,202.5,1.5,0.0,
org.thymeleaf.standard.processor.StandardRemoveTagProcessor,2.0,5.0,0.0,8.0,14.0,1.0,2.0,8.0,37.0,79.0,0.0,0.625,1.0,0.5,,34.5,2.0,2.0,
org.thymeleaf.standard.processor.StandardReplaceTagProcessor,1.0,5.0,0.0,3.0,2.0,0.0,1.0,2.0,7.0,11.0,0.0,1.0,0.0,0.0,,8.0,2.0,0.0,
org.thymeleaf.standard.processor.StandardSrcTagProcessor,1.0,6.0,0.0,3.0,2.0,0.0,1.0,2.0,7.0,12.0,0.0,1.0,0.0,0.0,,9.0,2.0,0.0,
org.thymeleaf.standard.processor.StandardStyleappendTagProcessor,4.0,5.0,0.0,13.0,19.0,2.0,3.0,12.0,36.0,79.0,2.0,0.4583,1.0,0.3333,,17.5,1.0667,3.0,
org.thymeleaf.standard.processor.StandardSwitchTagProcessor,2.0,4.0,0.0,13.0,8.0,1.0,2.0,12.0,36.0,33.0,0.0,0.6429,1.0,0.5,,14.0,2.0,0.0,
org.thymeleaf.standard.processor.StandardSwitchTagProcessor$SwitchStructure,4.0,1.0,0.0,3.0,5.0,0.0,,,,25.0,1.0,0.5,0.0,,,4.75,0.5,,
org.thymeleaf.standard.processor.StandardSwitchTagProcessor.SwitchStructure,,1.0,0.0,1.0,,38.0,4.0,1.0,18.0,,,,,0.0,,,24.0,0.0,
org.thymeleaf.standard.processor.StandardTextTagProcessor,3.0,5.0,0.0,13.0,18.0,3.0,3.0,13.0,45.0,97.0,0.0,0.5,1.0,0.6667,,30.6667,1.5,3.0,
org.thymeleaf.standard.processor.StandardTextTagProcessor$1,1.0,1.0,0.0,2.0,3.0,0.0,,,,28.0,0.0,0.0,0.0,,,26.0,2.0,,
org.thymeleaf.standard.processor.StandardTranslationDocTypeProcessor,3.0,3.0,0.0,6.0,14.0,1.0,2.0,8.0,71.0,173.0,0.0,0.625,1.0,0.5,,47.6667,1.4259,2.0,
org.thymeleaf.standard.processor.StandardUnlessTagProcessor,2.0,5.0,0.0,12.0,8.0,1.0,2.0,11.0,17.0,31.0,0.0,0.6667,1.0,0.5,,13.5,2.0,0.0,
org.thymeleaf.standard.processor.StandardUtextTagProcessor,3.0,4.0,0.0,21.0,23.0,3.0,3.0,21.0,67.0,134.0,0.0,0.4167,1.0,0.6667,,43.0,1.5,2.0,
org.thymeleaf.standard.processor.StandardValueTagProcessor,1.0,6.0,0.0,3.0,2.0,0.0,1.0,2.0,7.0,12.0,0.0,1.0,0.0,0.0,,9.0,2.0,0.0,
org.thymeleaf.standard.processor.StandardWithTagProcessor,2.0,4.0,0.0,15.0,19.0,1.0,2.0,15.0,44.0,112.0,0.0,0.6429,1.0,0.5,,54.0,2.0,2.0,
org.thymeleaf.standard.processor.StandardXmlBaseTagProcessor,1.0,6.0,0.0,3.0,2.0,0.0,1.0,2.0,8.0,14.0,0.0,1.0,0.0,0.0,,10.0,2.0,0.0,
org.thymeleaf.standard.processor.StandardXmlLangTagProcessor,1.0,6.0,0.0,3.0,2.0,0.0,1.0,2.0,8.0,14.0,0.0,1.0,0.0,0.0,,10.0,2.0,0.0,
org.thymeleaf.standard.processor.StandardXmlNsTagProcessor,2.0,4.0,0.0,7.0,6.0,1.0,2.0,7.0,14.0,23.0,0.0,0.6429,1.0,0.5,,9.5,2.0,0.0,
org.thymeleaf.standard.processor.StandardXmlSpaceTagProcessor,1.0,6.0,0.0,3.0,2.0,0.0,1.0,2.0,8.0,14.0,0.0,1.0,0.0,0.0,,10.0,2.0,0.0,
org.thymeleaf.standard.serializer.IStandardCSSSerializer,1.0,1.0,0.0,5.0,1.0,0.0,1.0,1.0,3.0,1.0,0.0,1.0,0.0,0.0,,0.0,2.0,0.0,
org.thymeleaf.standard.serializer.IStandardJavaScriptSerializer,1.0,1.0,0.0,8.0,1.0,0.0,1.0,1.0,3.0,1.0,0.0,1.0,0.0,0.0,,0.0,2.0,0.0,
org.thymeleaf.standard.serializer.StandardCSSSerializer,7.0,1.0,0.0,4.0,13.0,21.0,7.0,9.0,48.0,83.0,0.0,0.3095,0.0,0.7143,,10.8571,2.0,1.0,
org.thymeleaf.standard.serializer.StandardJavaScriptSerializer,6.0,1.0,0.0,9.0,24.0,11.0,4.0,12.0,368.0,134.0,1.0,0.32,0.0,0.5,,21.0,0.7,2.0,
org.thymeleaf.standard.serializer.StandardJavaScriptSerializer$1,0.0,1.0,0.0,2.0,0.0,0.0,,,,0.0,0.0,0.0,0.0,,,0.0,2.0,,
org.thymeleaf.standard.serializer.StandardJavaScriptSerializer$DefaultStandardJavaScriptSerializer,17.0,1.0,0.0,8.0,63.0,136.0,,,,821.0,0.0,0.1711,0.0,,,47.2941,2.0,,
org.thymeleaf.standard.serializer.StandardJavaScriptSerializer$Jackson3StandardJavaScriptSerializer,7.0,1.0,0.0,6.0,31.0,19.0,,,,486.0,0.0,0.381,0.0,,,68.1429,0.8333,,
org.thymeleaf.standard.serializer.StandardJavaScriptSerializer$JacksonStandardJavaScriptSerializer,2.0,1.0,0.0,14.0,24.0,0.0,,,,107.0,0.0,0.625,0.0,,,52.0,0.0,,
org.thymeleaf.standard.serializer.StandardJavaScriptSerializer$JacksonThymeleafCharacterEscapes,4.0,2.0,0.0,4.0,7.0,2.0,,,,45.0,0.0,0.6667,0.0,,,9.5,0.6667,,
org.thymeleaf.standard.serializer.StandardJavaScriptSerializer$JacksonThymeleafISO8601DateFormat,4.0,3.0,0.0,2.0,15.0,0.0,,,,56.0,0.0,0.375,1.0,,,12.5,0.8333,,
org.thymeleaf.standard.serializer.StandardJavaScriptSerializer.DefaultStandardJavaScriptSerializer,,1.0,0.0,35.0,,0.0,13.0,35.0,230.0,,,,,0.9231,,,267.0,4.0,
org.thymeleaf.standard.serializer.StandardJavaScriptSerializer.JacksonStandardJavaScriptSerializer,,1.0,0.0,16.0,,0.0,2.0,16.0,33.0,,,,,0.0,,,48.0,2.0,
org.thymeleaf.standard.serializer.StandardJavaScriptSerializer.JacksonThymeleafCharacterEscapes,,2.0,0.0,3.0,,0.0,3.0,3.0,29.0,,,,,0.0,,,38.0,1.0,
org.thymeleaf.standard.serializer.StandardJavaScriptSerializer.JacksonThymeleafISO8601DateFormat,,1.0,0.0,8.0,,25.0,4.0,8.0,27.0,,,,,0.0,,,50.0,0.0,
org.thymeleaf.standard.serializer.StandardSerializers,3.0,1.0,0.0,7.0,11.0,3.0,3.0,7.0,35.0,72.0,0.0,0.5,0.0,0.3333,,22.3333,1.5,1.0,
org.thymeleaf.standard.util.StandardConditionalCommentUtils,2.0,1.0,0.0,2.0,7.0,1.0,2.0,3.0,90.0,187.0,0.0,0.5,0.0,0.5,,92.5,2.0,1.0,
org.thymeleaf.standard.util.StandardConditionalCommentUtils$ConditionalCommentParsingResult,7.0,1.0,0.0,2.0,8.0,9.0,,,,52.0,0.0,0.5714,0.0,,,5.5714,0.8333,,
org.thymeleaf.standard.util.StandardConditionalCommentUtils.ConditionalCommentParsingResult,,1.0,0.0,0.0,,71.0,7.0,0.0,37.0,,,,,0.0,,,52.0,0.0,
org.thymeleaf.standard.util.StandardExpressionUtils,5.0,1.0,0.0,2.0,13.0,8.0,4.0,3.0,69.0,203.0,0.0,0.3333,0.0,0.5,,38.8,0.75,3.0,
org.thymeleaf.standard.util.StandardProcessorUtils,3.0,1.0,0.0,11.0,8.0,3.0,3.0,5.0,24.0,40.0,0.0,0.5333,0.0,0.3333,,12.3333,2.0,1.0,
org.thymeleaf.templatemode.TemplateMode,9.0,2.0,0.0,153.0,19.0,22.0,7.0,6.0,53.0,221.0,7.0,0.2813,1.0,0.0,,22.2222,0.7708,1.0,
org.thymeleaf.templateparser.ITemplateParser,2.0,1.0,0.0,8.0,2.0,1.0,2.0,6.0,18.0,2.0,0.0,0.7778,0.0,0.0,,0.0,2.0,0.0,
org.thymeleaf.templateparser.markup.AbstractMarkupTemplateParser,4.0,1.0,2.0,29.0,43.0,4.0,4.0,28.0,114.0,337.0,0.0,0.65,0.0,0.5,,82.75,0.0,2.0,
org.thymeleaf.templateparser.markup.HTMLTemplateParser,2.0,2.0,0.0,7.0,15.0,0.0,1.0,1.0,19.0,46.0,0.0,1.0,0.0,0.0,,21.5,0.0,0.0,
org.thymeleaf.templateparser.markup.InlinedOutputExpressionMarkupHandler,13.0,3.0,0.0,9.0,28.0,0.0,13.0,8.0,256.0,150.0,1.0,0.4135,0.0,0.0,,10.4615,0.0,0.0,
org.thymeleaf.templateparser.markup.InlinedOutputExpressionMarkupHandler$InlineMarkupAdapterPreProcessorHandler,13.0,1.0,0.0,5.0,27.0,0.0,,,,236.0,0.0,0.6154,0.0,,,17.0769,0.0,,
org.thymeleaf.templateparser.markup.InlinedOutputExpressionMarkupHandler.InlineMarkupAdapterPreProcessorHandler,,1.0,0.0,3.0,,0.0,13.0,3.0,138.0,,,,,0.0,,,154.0,1.0,
org.thymeleaf.templateparser.markup.TemplateFragmentMarkupReferenceResolver,6.0,1.0,0.0,3.0,16.0,9.0,5.0,3.0,72.0,189.0,2.0,0.6,0.0,0.6,,28.8333,0.76,1.0,
org.thymeleaf.templateparser.markup.XMLTemplateParser,2.0,2.0,0.0,7.0,15.0,0.0,1.0,1.0,19.0,46.0,0.0,1.0,0.0,0.0,,21.5,0.0,0.0,
org.thymeleaf.templateparser.markup.decoupled.DecoupledInjectedAttribute,7.0,1.0,0.0,3.0,11.0,0.0,7.0,3.0,61.0,138.0,0.0,0.4762,0.0,0.1429,,17.4286,0.5926,0.0,
org.thymeleaf.templateparser.markup.decoupled.DecoupledTemplateLogic,6.0,1.0,0.0,6.0,24.0,0.0,6.0,11.0,43.0,122.0,0.0,0.5,0.0,0.0,,19.1667,0.0,2.0,
org.thymeleaf.templateparser.markup.decoupled.DecoupledTemplateLogicBuilderMarkupHandler,10.0,2.0,0.0,10.0,33.0,0.0,9.0,12.0,210.0,371.0,3.0,0.5,0.0,0.0,,34.8,0.6667,2.0,
org.thymeleaf.templateparser.markup.decoupled.DecoupledTemplateLogicBuilderMarkupHandler$Selector,7.0,1.0,0.0,2.0,20.0,0.0,,,,120.0,0.0,0.5714,0.0,,,15.7143,0.3889,,
org.thymeleaf.templateparser.markup.decoupled.DecoupledTemplateLogicBuilderMarkupHandler.Selector,,1.0,0.0,6.0,,48.0,7.0,6.0,37.0,,,,,0.0,,,47.0,1.0,
org.thymeleaf.templateparser.markup.decoupled.DecoupledTemplateLogicMarkupHandler,8.0,3.0,0.0,8.0,23.0,6.0,7.0,9.0,104.0,198.0,1.0,0.4082,0.0,0.1429,,23.0,0.6429,3.0,
org.thymeleaf.templateparser.markup.decoupled.DecoupledTemplateLogicUtils,3.0,1.0,0.0,15.0,18.0,1.0,2.0,17.0,38.0,98.0,0.0,0.5,0.0,0.5,,31.3333,0.5,2.0,
org.thymeleaf.templateparser.markup.decoupled.IDecoupledTemplateLogicResolver,1.0,1.0,0.0,7.0,1.0,0.0,1.0,5.0,6.0,1.0,0.0,1.0,0.0,0.0,,0.0,2.0,0.0,
org.thymeleaf.templateparser.markup.decoupled.StandardDecoupledTemplateLogicResolver,6.0,1.0,0.0,5.0,12.0,0.0,6.0,5.0,33.0,65.0,0.0,0.3611,0.0,0.0,,9.3333,0.6667,1.0,
org.thymeleaf.templateparser.raw.IRawHandler,3.0,1.0,0.0,4.0,3.0,3.0,3.0,1.0,12.0,3.0,0.0,0.75,0.0,0.0,,0.0,2.0,0.0,
org.thymeleaf.templateparser.raw.RawParseException,12.0,3.0,0.0,4.0,22.0,0.0,12.0,2.0,80.0,245.0,0.0,0.5208,0.0,0.1667,,19.1667,0.4848,2.0,
org.thymeleaf.templateparser.raw.RawParser,5.0,1.0,0.0,5.0,21.0,4.0,5.0,10.0,133.0,242.0,1.0,0.4667,0.0,0.2,,47.2,0.25,4.0,
org.thymeleaf.templateparser.raw.RawParser$1,0.0,1.0,0.0,2.0,0.0,0.0,,,,0.0,0.0,0.0,0.0,,,0.0,2.0,,
org.thymeleaf.templateparser.raw.RawParser$BufferPool,7.0,1.0,0.0,2.0,9.0,9.0,,,,125.0,0.0,0.4,0.0,,,16.4286,0.1111,,
org.thymeleaf.templateparser.raw.RawParser.BufferPool,,1.0,0.0,1.0,,0.0,3.0,1.0,41.0,,,,,1.0,,,56.0,2.0,
org.thymeleaf.templateparser.raw.RawTemplateParser,4.0,1.0,0.0,12.0,23.0,4.0,4.0,16.0,70.0,194.0,1.0,0.6667,0.0,0.25,,47.25,0.0,2.0,
org.thymeleaf.templateparser.reader.BlockAwareReader,6.0,2.0,4.0,5.0,16.0,0.0,6.0,6.0,175.0,633.0,1.0,0.5333,1.0,0.6667,,102.6667,0.6,6.0,
org.thymeleaf.templateparser.reader.BlockAwareReader$BlockAction,5.0,2.0,0.0,6.0,8.0,6.0,,,,48.0,3.0,0.3333,1.0,,,8.0,0.75,,
org.thymeleaf.templateparser.reader.BlockAwareReader.BlockAction,,1.0,0.0,1.0,,,2.0,1.0,1.0,,,,,0.0,,,1.0,0.0,
org.thymeleaf.templateparser.reader.ParserLevelCommentMarkupReader,4.0,3.0,0.0,3.0,8.0,4.0,1.0,2.0,7.0,29.0,0.0,0.5,2.0,0.0,,5.75,0.6667,0.0,
org.thymeleaf.templateparser.reader.ParserLevelCommentTextReader,4.0,3.0,0.0,3.0,8.0,4.0,1.0,2.0,7.0,29.0,0.0,0.5,2.0,0.0,,5.75,0.6667,0.0,
org.thymeleaf.templateparser.reader.PrototypeOnlyCommentMarkupReader,4.0,3.0,0.0,3.0,8.0,4.0,1.0,2.0,7.0,29.0,0.0,0.5,2.0,0.0,,5.75,0.6667,0.0,
org.thymeleaf.templateparser.reader.PrototypeOnlyCommentTextReader,4.0,3.0,0.0,3.0,8.0,4.0,1.0,2.0,7.0,29.0,0.0,0.5,2.0,0.0,,5.75,0.6667,0.0,
org.thymeleaf.templateparser.text.AbstractChainedTextHandler,13.0,2.0,3.0,6.0,25.0,0.0,13.0,1.0,97.0,133.0,1.0,0.4872,0.0,0.1538,,9.1538,0.0,0.0,
org.thymeleaf.templateparser.text.AbstractTextHandler,12.0,1.0,2.0,4.0,13.0,66.0,12.0,1.0,73.0,26.0,0.0,0.6,0.0,0.0833,,1.1667,2.0,0.0,
org.thymeleaf.templateparser.text.AbstractTextTemplateParser,4.0,1.0,3.0,20.0,31.0,4.0,4.0,20.0,87.0,227.0,1.0,0.6944,0.0,0.5,,55.5,0.0,2.0,
org.thymeleaf.templateparser.text.CSSTemplateParser,1.0,2.0,0.0,2.0,2.0,0.0,1.0,0.0,5.0,8.0,0.0,1.0,0.0,0.0,,7.0,2.0,0.0,
org.thymeleaf.templateparser.text.CommentProcessorTextHandler,11.0,3.0,0.0,6.0,28.0,39.0,11.0,6.0,196.0,546.0,0.0,0.4156,0.0,0.3636,,48.1818,0.36,3.0,
org.thymeleaf.templateparser.text.EventProcessorTextHandler,11.0,3.0,0.0,7.0,28.0,5.0,11.0,6.0,174.0,417.0,1.0,0.4091,0.0,0.4545,,36.2727,0.6857,2.0,
org.thymeleaf.templateparser.text.EventProcessorTextHandler$StructureNamesRepository,3.0,1.0,0.0,2.0,7.0,0.0,,,,110.0,0.0,0.7778,0.0,,,34.3333,0.75,,
org.thymeleaf.templateparser.text.EventProcessorTextHandler.StructureNamesRepository,,1.0,0.0,3.0,,0.0,3.0,3.0,34.0,,,,,0.3333,,,60.0,1.0,
org.thymeleaf.templateparser.text.ITextHandler,11.0,1.0,0.0,12.0,11.0,55.0,11.0,1.0,60.0,11.0,0.0,0.6364,0.0,0.0,,0.0,2.0,0.0,
org.thymeleaf.templateparser.text.InlinedOutputExpressionTextHandler,9.0,3.0,0.0,9.0,20.0,0.0,9.0,7.0,209.0,110.0,1.0,0.4306,0.0,0.0,,11.1111,0.0,0.0,
org.thymeleaf.templateparser.text.InlinedOutputExpressionTextHandler$InlineTextAdapterPreProcessorHandler,13.0,1.0,0.0,5.0,24.0,6.0,,,,188.0,1.0,0.6154,0.0,,,13.3846,0.3333,,
org.thymeleaf.templateparser.text.InlinedOutputExpressionTextHandler.InlineTextAdapterPreProcessorHandler,,1.0,0.0,3.0,,31.0,13.0,3.0,122.0,,,,,0.0,,,138.0,1.0,
org.thymeleaf.templateparser.text.JavaScriptTemplateParser,1.0,2.0,0.0,2.0,2.0,0.0,1.0,0.0,5.0,8.0,0.0,1.0,0.0,0.0,,7.0,2.0,0.0,
org.thymeleaf.templateparser.text.ParsingLocatorUtil,2.0,1.0,0.0,3.0,3.0,1.0,2.0,0.0,12.0,28.0,0.0,0.5,0.0,0.5,,13.0,2.0,1.0,
org.thymeleaf.templateparser.text.TextParseException,12.0,3.0,0.0,13.0,22.0,0.0,12.0,2.0,80.0,245.0,0.0,0.5208,0.0,0.1667,,19.1667,0.4848,2.0,
org.thymeleaf.templateparser.text.TextParseStatus,1.0,1.0,0.0,1.0,2.0,0.0,1.0,0.0,11.0,10.0,0.0,1.0,0.0,0.0,,3.0,2.0,0.0,
org.thymeleaf.templateparser.text.TextParser,5.0,1.0,0.0,13.0,45.0,0.0,5.0,19.0,331.0,863.0,1.0,0.45,0.0,0.2,,171.0,0.25,8.0,
org.thymeleaf.templateparser.text.TextParser$1,0.0,1.0,0.0,2.0,0.0,0.0,,,,0.0,0.0,0.0,0.0,,,0.0,2.0,,
org.thymeleaf.templateparser.text.TextParser$BufferPool,7.0,1.0,0.0,2.0,9.0,9.0,,,,125.0,0.0,0.4,0.0,,,16.4286,0.1111,,
org.thymeleaf.templateparser.text.TextParser.BufferPool,,1.0,0.0,1.0,,0.0,3.0,1.0,41.0,,,,,1.0,,,56.0,2.0,
org.thymeleaf.templateparser.text.TextParsingAttributeSequenceUtil,3.0,1.0,0.0,4.0,15.0,3.0,3.0,4.0,163.0,434.0,0.0,0.5,0.0,0.6667,,143.6667,2.0,4.0,
org.thymeleaf.templateparser.text.TextParsingCommentUtil,5.0,1.0,0.0,4.0,12.0,10.0,5.0,3.0,38.0,131.0,0.0,0.5,0.0,0.2,,25.2,2.0,1.0,
org.thymeleaf.templateparser.text.TextParsingElementUtil,8.0,1.0,0.0,6.0,25.0,28.0,8.0,6.0,157.0,623.0,0.0,0.475,0.0,0.25,,76.875,2.0,2.0,
org.thymeleaf.templateparser.text.TextParsingLiteralUtil,2.0,1.0,0.0,2.0,6.0,1.0,2.0,2.0,26.0,58.0,0.0,0.5,0.0,0.5,,28.0,2.0,2.0,
org.thymeleaf.templateparser.text.TextParsingUtil,12.0,1.0,0.0,4.0,15.0,66.0,12.0,2.0,249.0,761.0,0.0,0.5,0.0,0.1667,,62.4167,2.0,4.0,
org.thymeleaf.templateparser.text.TextTemplateParser,1.0,2.0,0.0,2.0,2.0,0.0,1.0,0.0,5.0,8.0,0.0,1.0,0.0,0.0,,7.0,2.0,0.0,
org.thymeleaf.templateresolver.AbstractConfigurableTemplateResolver,52.0,2.0,4.0,16.0,73.0,1046.0,51.0,18.0,253.0,553.0,10.0,0.2108,1.0,0.098,,9.25,0.9343,2.0,
org.thymeleaf.templateresolver.AbstractTemplateResolver,17.0,1.0,3.0,11.0,28.0,82.0,17.0,12.0,77.0,152.0,1.0,0.3109,0.0,0.2941,,7.5294,0.8839,1.0,
org.thymeleaf.templateresolver.ClassLoaderTemplateResolver,3.0,3.0,0.0,4.0,5.0,1.0,3.0,7.0,15.0,22.0,0.0,0.4667,1.0,0.3333,,6.0,0.0,0.0,
org.thymeleaf.templateresolver.DefaultTemplateResolver,10.0,2.0,0.0,8.0,14.0,11.0,9.0,10.0,37.0,61.0,2.0,0.4667,1.0,0.3333,,4.8,0.7037,0.0,
org.thymeleaf.templateresolver.FileTemplateResolver,2.0,3.0,0.0,4.0,4.0,1.0,2.0,6.0,10.0,11.0,0.0,0.625,1.0,0.5,,4.5,2.0,0.0,
org.thymeleaf.templateresolver.ITemplateResolver,3.0,1.0,0.0,7.0,3.0,3.0,3.0,5.0,8.0,3.0,0.0,0.5,0.0,0.0,,0.0,2.0,0.0,
org.thymeleaf.templateresolver.StringTemplateResolver,13.0,2.0,0.0,12.0,21.0,38.0,12.0,14.0,59.0,104.0,2.0,0.3095,1.0,0.25,,6.5385,0.8472,2.0,
org.thymeleaf.templateresolver.TemplateResolution,7.0,1.0,0.0,7.0,9.0,11.0,7.0,4.0,44.0,62.0,3.0,0.4,0.0,0.0,,7.1429,0.6667,0.0,
org.thymeleaf.templateresolver.UrlTemplateResolver,4.0,3.0,0.0,6.0,11.0,4.0,3.0,11.0,22.0,36.0,0.0,0.75,2.0,0.6667,,7.75,0.6667,1.0,
org.thymeleaf.templateresolver.WebApplicationTemplateResolver,2.0,3.0,0.0,6.0,5.0,0.0,2.0,8.0,13.0,20.0,1.0,0.6,1.0,0.5,,8.5,0.0,0.0,
org.thymeleaf.templateresource.ClassLoaderTemplateResource,7.0,1.0,0.0,6.0,25.0,0.0,7.0,13.0,48.0,141.0,0.0,0.5238,0.0,0.0,,18.7143,0.2778,1.0,
org.thymeleaf.templateresource.FileTemplateResource,7.0,1.0,0.0,5.0,23.0,0.0,7.0,12.0,40.0,107.0,0.0,0.5238,0.0,0.0,,13.8571,0.3889,1.0,
org.thymeleaf.templateresource.ITemplateResource,5.0,1.0,0.0,25.0,5.0,10.0,5.0,3.0,7.0,5.0,0.0,0.6,0.0,0.0,,0.0,2.0,0.0,
org.thymeleaf.templateresource.StringTemplateResource,6.0,1.0,0.0,5.0,11.0,3.0,6.0,6.0,24.0,42.0,0.0,0.6667,0.0,0.0,,5.8333,0.4,0.0,
org.thymeleaf.templateresource.TemplateResourceUtils,4.0,1.0,0.0,5.0,22.0,6.0,4.0,3.0,75.0,272.0,0.0,0.5,0.0,0.25,,67.0,2.0,3.0,
org.thymeleaf.templateresource.UrlTemplateResource,9.0,1.0,0.0,6.0,50.0,0.0,9.0,19.0,105.0,265.0,0.0,0.4815,0.0,0.2222,,28.2222,0.375,3.0,
org.thymeleaf.templateresource.WebApplicationTemplateResource,6.0,1.0,0.0,6.0,25.0,0.0,6.0,12.0,38.0,123.0,1.0,0.5,0.0,0.0,,19.0,0.3333,1.0,
org.thymeleaf.util.AbstractLazyCharSequence,11.0,1.0,2.0,3.0,20.0,49.0,11.0,5.0,51.0,92.0,0.0,0.3636,1.0,0.3636,,7.2727,0.2,1.0,
org.thymeleaf.util.AggregateCharSequence,18.0,1.0,0.0,1.0,35.0,0.0,17.0,10.0,317.0,1194.0,0.0,0.2092,1.0,0.0588,,65.0,0.5882,4.0,
org.thymeleaf.util.AggregateUtils,24.0,1.0,0.0,2.0,41.0,276.0,24.0,12.0,263.0,758.0,0.0,0.0625,0.0,0.3333,,30.5833,2.0,1.0,
org.thymeleaf.util.ArrayUtils,18.0,1.0,0.0,4.0,46.0,153.0,18.0,20.0,130.0,365.0,0.0,0.2063,0.0,0.1111,,19.2778,2.0,5.0,
org.thymeleaf.util.CharArrayWrapperSequence,10.0,1.0,0.0,0.0,18.0,3.0,9.0,5.0,83.0,250.0,0.0,0.4,1.0,0.1111,,23.7,0.2963,3.0,
org.thymeleaf.util.ClassLoaderUtils,15.0,1.0,0.0,6.0,28.0,77.0,14.0,9.0,176.0,295.0,0.0,0.2143,0.0,0.4286,,18.4667,0.4286,5.0,
org.thymeleaf.util.ContentTypeUtils,22.0,1.0,0.0,4.0,41.0,173.0,21.0,8.0,337.0,1029.0,0.0,0.381,0.0,0.1905,,44.8636,0.9333,1.0,
org.thymeleaf.util.ContentTypeUtils$ContentType,7.0,1.0,0.0,2.0,30.0,0.0,,,,187.0,0.0,0.3571,0.0,,,25.2857,0.5,,
org.thymeleaf.util.ContentTypeUtils.ContentType,,1.0,0.0,10.0,,52.0,7.0,10.0,65.0,,,,,0.0,,,83.0,2.0,
org.thymeleaf.util.DateUtils,32.0,1.0,0.0,7.0,70.0,492.0,31.0,18.0,359.0,768.0,0.0,0.3387,0.0,0.129,,22.9375,0.871,3.0,
org.thymeleaf.util.DateUtils$DateFormatKey,3.0,1.0,0.0,2.0,13.0,0.0,,,,129.0,0.0,0.5833,1.0,,,41.0,0.0,,
org.thymeleaf.util.DateUtils.DateFormatKey,,1.0,0.0,6.0,,0.0,3.0,6.0,53.0,,,,,0.0,,,58.0,2.0,
org.thymeleaf.util.EscapedAttributeUtils,3.0,1.0,0.0,20.0,17.0,3.0,3.0,8.0,44.0,78.0,0.0,0.5556,0.0,0.3333,,25.0,2.0,1.0,
org.thymeleaf.util.EscapedAttributeUtils$1,1.0,1.0,0.0,2.0,3.0,0.0,,,,49.0,0.0,0.0,0.0,,,47.0,2.0,,
org.thymeleaf.util.EvaluationUtils,5.0,1.0,0.0,27.0,53.0,10.0,5.0,22.0,188.0,597.0,0.0,0.5,0.0,0.2,,118.4,2.0,3.0,
org.thymeleaf.util.EvaluationUtils$MapEntry,7.0,1.0,0.0,1.0,17.0,0.0,,,,110.0,0.0,0.7143,1.0,,,14.4286,0.3333,,
org.thymeleaf.util.EvaluationUtils.MapEntry,,1.0,0.0,4.0,,29.0,7.0,4.0,45.0,,,,,0.0,,,54.0,1.0,
org.thymeleaf.util.ExpressionUtils,15.0,1.0,0.0,6.0,53.0,93.0,9.0,67.0,176.0,921.0,0.0,0.2262,0.0,0.1111,,59.6667,0.8312,3.0,
org.thymeleaf.util.FastStringWriter,10.0,2.0,0.0,15.0,20.0,0.0,10.0,6.0,50.0,106.0,0.0,0.45,1.0,0.0,,9.5,0.2222,1.0,
org.thymeleaf.util.IWritableCharSequence,1.0,1.0,0.0,3.0,1.0,0.0,1.0,2.0,3.0,1.0,0.0,1.0,0.0,0.0,,0.0,2.0,0.0,
org.thymeleaf.util.IdentityCounter,3.0,1.0,0.0,0.0,7.0,0.0,3.0,1.0,14.0,26.0,0.0,0.6667,0.0,0.0,,7.0,0.75,0.0,
org.thymeleaf.util.LazyEscapingCharSequence,4.0,2.0,0.0,12.0,22.0,4.0,4.0,14.0,63.0,122.0,2.0,0.45,1.0,0.75,,28.75,0.0,3.0,
org.thymeleaf.util.LazyEscapingCharSequence$1,1.0,1.0,0.0,2.0,3.0,0.0,,,,49.0,0.0,0.0,0.0,,,47.0,2.0,,
org.thymeleaf.util.LazyProcessingCharSequence,3.0,2.0,0.0,7.0,10.0,0.0,3.0,11.0,25.0,56.0,2.0,0.5,1.0,0.6667,,17.0,0.0,1.0,
org.thymeleaf.util.ListUtils,10.0,1.0,0.0,2.0,36.0,45.0,10.0,12.0,71.0,185.0,0.0,0.2143,0.0,0.2,,17.5,2.0,2.0,
org.thymeleaf.util.LoggingUtils,2.0,1.0,0.0,9.0,10.0,1.0,2.0,2.0,18.0,51.0,0.0,0.5,0.0,0.5,,24.5,2.0,1.0,
org.thymeleaf.util.MapUtils,9.0,1.0,0.0,2.0,20.0,36.0,9.0,5.0,40.0,85.0,0.0,0.3333,0.0,0.1111,,8.4444,2.0,0.0,
org.thymeleaf.util.NumberPointType,8.0,2.0,0.0,4.0,12.0,14.0,6.0,2.0,35.0,131.0,6.0,0.3333,1.0,0.1667,,14.5,0.7143,1.0,
org.thymeleaf.util.NumberUtils,13.0,1.0,0.0,4.0,44.0,78.0,13.0,13.0,172.0,418.0,0.0,0.5538,0.0,0.2308,,31.1538,2.0,2.0,
org.thymeleaf.util.NumberUtils$1,1.0,1.0,0.0,2.0,3.0,0.0,,,,42.0,0.0,0.0,0.0,,,40.0,2.0,,
org.thymeleaf.util.ObjectUtils,2.0,1.0,0.0,1.0,3.0,1.0,2.0,0.0,8.0,11.0,0.0,0.5,0.0,0.5,,4.5,2.0,0.0,
org.thymeleaf.util.PatternSpec,7.0,1.0,0.0,4.0,22.0,0.0,7.0,10.0,61.0,156.0,0.0,0.4762,0.0,0.0,,20.8571,0.6667,2.0,
org.thymeleaf.util.PatternUtils,2.0,1.0,0.0,1.0,9.0,1.0,2.0,2.0,12.0,46.0,0.0,0.5,0.0,0.5,,22.0,2.0,0.0,
org.thymeleaf.util.ProcessorComparators,2.0,1.0,0.0,9.0,6.0,1.0,1.0,4.0,134.0,21.0,0.0,1.0,0.0,1.0,,8.0,1.0,0.0,
org.thymeleaf.util.ProcessorComparators$PostProcessorPrecedenceComparator,5.0,1.0,0.0,4.0,14.0,10.0,,,,119.0,0.0,0.32,0.0,,,22.8,2.0,,
org.thymeleaf.util.ProcessorComparators$PreProcessorPrecedenceComparator,5.0,1.0,0.0,4.0,14.0,10.0,,,,119.0,0.0,0.32,0.0,,,22.8,2.0,,
org.thymeleaf.util.ProcessorComparators$ProcessorPrecedenceComparator,5.0,1.0,0.0,3.0,13.0,10.0,,,,117.0,0.0,0.32,0.0,,,22.4,2.0,,
org.thymeleaf.util.ProcessorComparators.PostProcessorPrecedenceComparator,,1.0,0.0,7.0,,0.0,4.0,7.0,42.0,,,,,0.5,,,59.0,1.0,
org.thymeleaf.util.ProcessorComparators.PreProcessorPrecedenceComparator,,1.0,0.0,7.0,,0.0,4.0,7.0,42.0,,,,,0.5,,,59.0,1.0,
org.thymeleaf.util.ProcessorComparators.ProcessorPrecedenceComparator,,1.0,0.0,6.0,,0.0,4.0,6.0,42.0,,,,,0.5,,,59.0,1.0,
org.thymeleaf.util.ProcessorConfigurationUtils,21.0,1.0,0.0,28.0,44.0,210.0,21.0,28.0,396.0,324.0,0.0,0.123,0.0,0.0476,,14.4286,2.0,1.0,
org.thymeleaf.util.ProcessorConfigurationUtils$AbstractElementProcessorWrapper,3.0,2.0,2.0,8.0,6.0,0.0,,,,20.0,1.0,0.5556,0.0,,,5.3333,0.0,,
org.thymeleaf.util.ProcessorConfigurationUtils$AbstractProcessorWrapper,9.0,1.0,8.0,17.0,16.0,0.0,,,,72.0,2.0,0.2889,0.0,,,6.5556,0.75,,
org.thymeleaf.util.ProcessorConfigurationUtils$CDATASectionProcessorWrapper,2.0,2.0,0.0,8.0,4.0,0.0,,,,18.0,1.0,0.5833,0.0,,,7.5,0.0,,
org.thymeleaf.util.ProcessorConfigurationUtils$CommentProcessorWrapper,2.0,2.0,0.0,8.0,4.0,0.0,,,,18.0,1.0,0.5833,0.0,,,7.5,0.0,,
org.thymeleaf.util.ProcessorConfigurationUtils$DocTypeProcessorWrapper,2.0,2.0,0.0,8.0,4.0,0.0,,,,18.0,1.0,0.5833,0.0,,,7.5,0.0,,
org.thymeleaf.util.ProcessorConfigurationUtils$ElementModelProcessorWrapper,2.0,3.0,0.0,8.0,4.0,0.0,,,,18.0,1.0,0.5833,0.0,,,7.5,0.0,,
org.thymeleaf.util.ProcessorConfigurationUtils$ElementTagProcessorWrapper,2.0,3.0,0.0,8.0,4.0,0.0,,,,18.0,1.0,0.5833,0.0,,,7.5,0.0,,
org.thymeleaf.util.ProcessorConfigurationUtils$PostProcessorWrapper,9.0,1.0,0.0,9.0,16.0,0.0,,,,62.0,2.0,0.2889,0.0,,,5.6667,0.5,,
org.thymeleaf.util.ProcessorConfigurationUtils$PreProcessorWrapper,9.0,1.0,0.0,9.0,16.0,0.0,,,,62.0,2.0,0.2889,0.0,,,5.6667,0.5,,
org.thymeleaf.util.ProcessorConfigurationUtils$ProcessingInstructionProcessorWrapper,2.0,2.0,0.0,8.0,4.0,0.0,,,,18.0,1.0,0.5833,0.0,,,7.5,0.0,,
org.thymeleaf.util.ProcessorConfigurationUtils$TemplateBoundariesProcessorWrapper,3.0,2.0,0.0,9.0,6.0,0.0,,,,26.0,1.0,0.5238,0.0,,,7.3333,0.0,,
org.thymeleaf.util.ProcessorConfigurationUtils$TextProcessorWrapper,2.0,2.0,0.0,8.0,4.0,0.0,,,,18.0,1.0,0.5833,0.0,,,7.5,0.0,,
org.thymeleaf.util.ProcessorConfigurationUtils$XMLDeclarationProcessorWrapper,2.0,2.0,0.0,8.0,4.0,0.0,,,,18.0,1.0,0.5833,0.0,,,7.5,0.0,,
org.thymeleaf.util.ProcessorConfigurationUtils.AbstractElementProcessorWrapper,,2.0,2.0,3.0,,0.0,3.0,3.0,13.0,,,,,0.0,,,18.0,0.0,
org.thymeleaf.util.ProcessorConfigurationUtils.AbstractProcessorWrapper,,1.0,8.0,6.0,,67.0,9.0,6.0,42.0,,,,,0.0,,,53.0,1.0,
org.thymeleaf.util.ProcessorConfigurationUtils.CDATASectionProcessorWrapper,,2.0,0.0,4.0,,0.0,2.0,4.0,10.0,,,,,0.0,,,14.0,0.0,
org.thymeleaf.util.ProcessorConfigurationUtils.CommentProcessorWrapper,,2.0,0.0,4.0,,0.0,2.0,4.0,10.0,,,,,0.0,,,14.0,0.0,
org.thymeleaf.util.ProcessorConfigurationUtils.DocTypeProcessorWrapper,,2.0,0.0,4.0,,0.0,2.0,4.0,10.0,,,,,0.0,,,14.0,0.0,
org.thymeleaf.util.ProcessorConfigurationUtils.ElementModelProcessorWrapper,,3.0,0.0,4.0,,0.0,2.0,4.0,10.0,,,,,0.0,,,14.0,0.0,
org.thymeleaf.util.ProcessorConfigurationUtils.ElementTagProcessorWrapper,,3.0,0.0,4.0,,0.0,2.0,4.0,10.0,,,,,0.0,,,14.0,0.0,
org.thymeleaf.util.ProcessorConfigurationUtils.PostProcessorWrapper,,1.0,0.0,7.0,,44.0,9.0,7.0,38.0,,,,,0.0,,,50.0,1.0,
org.thymeleaf.util.ProcessorConfigurationUtils.PreProcessorWrapper,,1.0,0.0,7.0,,44.0,9.0,7.0,38.0,,,,,0.0,,,50.0,1.0,
org.thymeleaf.util.ProcessorConfigurationUtils.ProcessingInstructionProcessorWrapper,,2.0,0.0,4.0,,0.0,2.0,4.0,10.0,,,,,0.0,,,14.0,0.0,
org.thymeleaf.util.ProcessorConfigurationUtils.TemplateBoundariesProcessorWrapper,,2.0,0.0,5.0,,0.0,3.0,5.0,13.0,,,,,0.0,,,18.0,0.0,
org.thymeleaf.util.ProcessorConfigurationUtils.TextProcessorWrapper,,2.0,0.0,4.0,,0.0,2.0,4.0,10.0,,,,,0.0,,,14.0,0.0,
org.thymeleaf.util.ProcessorConfigurationUtils.XMLDeclarationProcessorWrapper,,2.0,0.0,4.0,,0.0,2.0,4.0,10.0,,,,,0.0,,,14.0,0.0,
org.thymeleaf.util.SetUtils,8.0,1.0,0.0,2.0,30.0,28.0,8.0,10.0,49.0,127.0,0.0,0.275,0.0,0.125,,14.875,2.0,2.0,
org.thymeleaf.util.StringUtils,43.0,1.0,0.0,38.0,97.0,901.0,42.0,16.0,414.0,1018.0,0.0,0.172,1.0,0.0476,,22.6279,1.0,3.0,
org.thymeleaf.util.TextUtils,51.0,1.0,0.0,12.0,66.0,1275.0,51.0,5.0,983.0,2240.0,0.0,0.4006,1.0,0.0588,,42.9216,2.0,4.0,
org.thymeleaf.util.Validate,9.0,1.0,0.0,144.0,16.0,36.0,9.0,5.0,45.0,108.0,0.0,0.254,0.0,0.1111,,11.0,2.0,1.0,
org.thymeleaf.util.VersionUtils,4.0,1.0,0.0,3.0,21.0,6.0,4.0,6.0,179.0,190.0,0.0,0.3333,0.0,0.5,,46.5,2.0,5.0,
org.thymeleaf.util.VersionUtils$1,0.0,1.0,0.0,2.0,0.0,0.0,,,,0.0,0.0,0.0,0.0,,,0.0,2.0,,
org.thymeleaf.util.VersionUtils$VersionSpec,19.0,1.0,0.0,4.0,27.0,101.0,,,,360.0,0.0,0.2982,0.0,,,17.3684,0.7778,,
org.thymeleaf.util.VersionUtils.VersionSpec,,1.0,0.0,4.0,,78.0,17.0,4.0,105.0,,,,,0.1176,,,147.0,0.0,
org.thymeleaf.util.temporal.TemporalArrayUtils,24.0,1.0,0.0,4.0,42.0,0.0,19.0,10.0,67.0,279.0,1.0,0.2731,0.0,0.0526,,10.5833,0.2609,0.0,
org.thymeleaf.util.temporal.TemporalCreationUtils,15.0,1.0,0.0,3.0,38.0,105.0,15.0,11.0,62.0,156.0,0.0,0.6,0.0,0.1333,,9.4,2.0,1.0,
org.thymeleaf.util.temporal.TemporalFormattingUtils,22.0,1.0,0.0,8.0,50.0,223.0,21.0,18.0,148.0,369.0,0.0,0.4286,0.0,0.1429,,15.6364,0.8254,2.0,
org.thymeleaf.util.temporal.TemporalListUtils,23.0,1.0,0.0,4.0,40.0,0.0,19.0,10.0,67.0,239.0,1.0,0.3478,0.0,0.0526,,9.3478,0.2273,0.0,
org.thymeleaf.util.temporal.TemporalObjects,6.0,1.0,0.0,2.0,38.0,15.0,6.0,22.0,119.0,379.0,0.0,0.3333,0.0,0.3333,,62.1667,2.0,1.0,
org.thymeleaf.util.temporal.TemporalSetUtils,23.0,1.0,0.0,4.0,40.0,0.0,19.0,10.0,67.0,239.0,1.0,0.3478,0.0,0.0526,,9.3478,0.2273,0.0,
org.thymeleaf.web.IWebApplication,9.0,1.0,0.0,8.0,9.0,36.0,9.0,4.0,11.0,9.0,0.0,0.5926,0.0,0.0,,0.0,2.0,0.0,
org.thymeleaf.web.IWebExchange,16.0,1.0,0.0,15.0,17.0,120.0,16.0,8.0,21.0,28.0,0.0,0.4583,0.0,0.0,,0.75,2.0,0.0,
org.thymeleaf.web.IWebRequest,28.0,1.0,0.0,7.0,37.0,378.0,28.0,6.0,68.0,184.0,0.0,0.6607,0.0,0.0,,5.5714,2.0,1.0,
org.thymeleaf.web.IWebSession,8.0,1.0,0.0,6.0,8.0,28.0,8.0,3.0,10.0,8.0,0.0,0.5417,0.0,0.0,,0.0,2.0,0.0,
org.thymeleaf.web.servlet.IServletWebApplication,9.0,1.0,0.0,7.0,20.0,36.0,9.0,11.0,54.0,104.0,0.0,0.7222,0.0,0.0,,10.5556,2.0,1.0,
org.thymeleaf.web.servlet.IServletWebExchange,14.0,1.0,0.0,13.0,22.0,91.0,11.0,12.0,48.0,104.0,0.0,0.5714,0.0,0.0,,6.4286,2.0,1.0,
org.thymeleaf.web.servlet.IServletWebRequest,15.0,1.0,0.0,7.0,34.0,105.0,15.0,10.0,81.0,156.0,0.0,0.6333,0.0,0.0,,9.4,2.0,1.0,
org.thymeleaf.web.servlet.IServletWebSession,7.0,1.0,0.0,7.0,18.0,21.0,7.0,9.0,44.0,88.0,0.0,0.6429,0.0,0.0,,11.5714,2.0,1.0,
org.thymeleaf.web.servlet.JakartaServletWebApplication,11.0,1.0,0.0,9.0,26.0,0.0,11.0,15.0,60.0,119.0,0.0,0.303,0.0,0.1818,,9.7273,0.1,0.0,
org.thymeleaf.web.servlet.JakartaServletWebExchange,17.0,1.0,0.0,13.0,25.0,70.0,14.0,14.0,75.0,118.0,3.0,0.2101,0.0,0.0,,5.6471,0.8,0.0,
org.thymeleaf.web.servlet.JakartaServletWebRequest,20.0,1.0,0.0,6.0,53.0,0.0,20.0,12.0,143.0,320.0,0.0,0.45,0.0,0.0,,14.95,0.0,3.0,
org.thymeleaf.web.servlet.JakartaServletWebSession,6.0,1.0,0.0,6.0,13.0,0.0,6.0,7.0,41.0,73.0,0.0,0.4167,0.0,0.0,,10.8333,0.4,1.0,
org.thymeleaf.web.servlet.JavaxServletWebApplication,11.0,1.0,0.0,6.0,26.0,0.0,11.0,15.0,60.0,119.0,0.0,0.303,0.0,0.1818,,9.7273,0.1,0.0,
org.thymeleaf.web.servlet.JavaxServletWebExchange,17.0,1.0,0.0,11.0,25.0,70.0,14.0,14.0,75.0,118.0,3.0,0.2101,0.0,0.0,,5.6471,0.8,0.0,
org.thymeleaf.web.servlet.JavaxServletWebRequest,20.0,1.0,0.0,4.0,53.0,0.0,20.0,12.0,143.0,320.0,0.0,0.45,0.0,0.0,,14.95,0.0,3.0,
org.thymeleaf.web.servlet.JavaxServletWebSession,6.0,1.0,0.0,4.0,13.0,0.0,6.0,7.0,41.0,73.0,0.0,0.4167,0.0,0.0,,10.8333,0.4,1.0,
